text,entities,type
Maharashtra State Bank submitted invoices from its Chennai office.,"[[0, 22, ""ORG""], [51, 58, ""GPE""]]",multi_entity
Ravi Deshmukh and Vikram Joshi met representatives of Apex Distributors in Mumbai.,"[[0, 13, ""PERSON""], [18, 30, ""PERSON""], [54, 71, ""ORG""], [75, 81, ""GPE""]]",complex
Funds moved from an account linked to Dev Malhotra into KS Electronics.,"[[38, 50, ""PERSON""], [56, 70, ""ORG""]]",multi_entity
Investigators compared the surveillance record with records from Nova Components.,"[[65, 80, ""ORG""]]",contrastive_negative
Mohammed Arif Khan worked with Metro Logistics Pvt Ltd in Jaipur.,"[[0, 18, ""PERSON""], [31, 54, ""ORG""], [58, 64, ""GPE""]]",multi_entity
The team reviewed the arrest memo before questioning Sameer Khan.,"[[53, 64, ""PERSON""]]",hard_negative
Maharashtra State Bank submitted invoices from its Hyderabad office.,"[[0, 22, ""ORG""], [51, 60, ""GPE""]]",multi_entity
Mohammed Arif Khan worked with KS Electronics in Ahmedabad.,"[[0, 18, ""PERSON""], [31, 45, ""ORG""], [49, 58, ""GPE""]]",multi_entity
The Case File contained references to M. A. Khan and Maharashtra State Bank.,"[[38, 48, ""PERSON""], [53, 75, ""ORG""]]",contrastive_negative
The vehicle associated with Sameer Khan was found near Bandra Kurla Complex.,"[[28, 39, ""PERSON""], [55, 75, ""LOC""]]",multi_entity
Ananya Sharma and Mohit Chawla met representatives of Nova Components in Lucknow.,"[[0, 13, ""PERSON""], [18, 30, ""PERSON""], [54, 69, ""ORG""], [73, 80, ""GPE""]]",complex
City Cargo Services submitted invoices from its Jaipur office.,"[[0, 19, ""ORG""], [48, 54, ""GPE""]]",multi_entity
Maharashtra State Bank submitted invoices from its Delhi office.,"[[0, 22, ""ORG""], [51, 56, ""GPE""]]",multi_entity
Vikram Joshi was observed outside DM Trading Services in Delhi.,"[[0, 12, ""PERSON""], [34, 53, ""ORG""], [57, 62, ""GPE""]]",multi_entity
Imran Sheikh and R K Sharma met representatives of Western Freight Solutions in Thane.,"[[0, 12, ""PERSON""], [17, 27, ""PERSON""], [51, 76, ""ORG""], [80, 85, ""GPE""]]",complex
Ananya Sharma worked with Nova Components in Surat.,"[[0, 13, ""PERSON""], [26, 41, ""ORG""], [45, 50, ""GPE""]]",multi_entity
Priya Nair appeared in the CCTV records.,"[[0, 10, ""PERSON""]]",hard_negative
The team reviewed the Call Detail Records before questioning M. A. Khan.,"[[61, 71, ""PERSON""]]",hard_negative
Shakti Traders operates a warehouse in Pune.,"[[0, 14, ""ORG""], [39, 43, ""GPE""]]",multi_entity
Maharashtra State Bank rented space at Andheri Commercial Complex.,"[[0, 22, ""ORG""], [39, 65, ""FAC""]]",facility_context
Dev Malhotra appeared in the financial records.,"[[0, 12, ""PERSON""]]",hard_negative
Arjun Patel was observed outside Nova Components in Lucknow.,"[[0, 11, ""PERSON""], [33, 48, ""ORG""], [52, 59, ""GPE""]]",multi_entity
Karan Sethi travelled from Delhi to Jaipur with S. Iyer.,"[[0, 11, ""PERSON""], [27, 32, ""GPE""], [36, 42, ""GPE""], [48, 55, ""PERSON""]]",complex
"The vehicle movement record mentioned S. Iyer, Karan Sethi, and Nova Components.","[[38, 45, ""PERSON""], [47, 58, ""PERSON""], [64, 79, ""ORG""]]",complex
The financial records contained references to Dev Malhotra and National Freight Corporation.,"[[46, 58, ""PERSON""], [63, 91, ""ORG""]]",contrastive_negative
Police located Mohit Chawla near Dharavi.,"[[15, 27, ""PERSON""], [33, 40, ""LOC""]]",multi_entity
City Cargo Services submitted invoices from its Bengaluru office.,"[[0, 19, ""ORG""], [48, 57, ""GPE""]]",multi_entity
The mobile extraction report mentioned Rohan Mehta.,"[[39, 50, ""PERSON""]]",hard_negative
Nova Components maintained an office in Indore.,"[[0, 15, ""ORG""], [40, 46, ""GPE""]]",org_context
The CCTV record mentioned Mohit Chawla.,"[[26, 38, ""PERSON""]]",hard_negative
Mohammed Arif Khan transferred money to Western Freight Solutions from Delhi.,"[[0, 18, ""PERSON""], [40, 65, ""ORG""], [71, 76, ""GPE""]]",multi_entity
The FIR record contained references to Suresh Iyer and Metro Logistics Pvt Ltd.,"[[39, 50, ""PERSON""], [55, 78, ""ORG""]]",contrastive_negative
Investigators compared the CCTV footage with records from National Freight Corporation.,"[[58, 86, ""ORG""]]",contrastive_negative
"Mohit Chawla transferred funds to DM Trading Services, while R K Sharma contacted Prime Warehousing.","[[0, 12, ""PERSON""], [34, 53, ""ORG""], [61, 71, ""PERSON""], [82, 99, ""ORG""]]",complex
The FIR contained references to Priya Nair and National Freight Corporation.,"[[32, 42, ""PERSON""], [47, 75, ""ORG""]]",contrastive_negative
A payment was made to Shakti Traders.,"[[22, 36, ""ORG""]]",org_context
Priya Nair transferred money to Metro Logistics Pvt Ltd from Nagpur.,"[[0, 10, ""PERSON""], [32, 55, ""ORG""], [61, 67, ""GPE""]]",multi_entity
Dev Malhotra worked with Western Freight Solutions in Surat.,"[[0, 12, ""PERSON""], [25, 50, ""ORG""], [54, 59, ""GPE""]]",multi_entity
Entries in the evidence log were compared with bank transactions.,[],hard_negative
Dev Malhotra travelled from Jaipur to Lucknow with Ananya Sharma.,"[[0, 12, ""PERSON""], [28, 34, ""GPE""], [38, 45, ""GPE""], [51, 64, ""PERSON""]]",complex
Investigators collected the incident report for further examination.,[],hard_negative
Investigators compared the Location Surveillance Record with records from Prime Warehousing.,"[[74, 91, ""ORG""]]",contrastive_negative
No useful information was found in the control room log.,[],hard_negative
Rajiv Bansal and R K Sharma met representatives of Western Freight Solutions in Indore.,"[[0, 12, ""PERSON""], [17, 27, ""PERSON""], [51, 76, ""ORG""], [80, 86, ""GPE""]]",complex
Nova Components maintained an office in Ahmedabad.,"[[0, 15, ""ORG""], [40, 49, ""GPE""]]",org_context
Nova Components operates a warehouse in Nagpur.,"[[0, 15, ""ORG""], [40, 46, ""GPE""]]",multi_entity
Shakti Traders operates a warehouse in Navi Mumbai.,"[[0, 14, ""ORG""], [39, 50, ""GPE""]]",multi_entity
Vikram Joshi worked with Maharashtra State Bank in Surat.,"[[0, 12, ""PERSON""], [25, 47, ""ORG""], [51, 56, ""GPE""]]",multi_entity
Funds moved from an account linked to Md. Arif Khan into BlueLine Transport.,"[[38, 51, ""PERSON""], [57, 75, ""ORG""]]",multi_entity
Neeraj Shah met an employee of Western Freight Solutions near Vashi Sector 17.,"[[0, 11, ""PERSON""], [31, 56, ""ORG""], [62, 77, ""LOC""]]",multi_entity
Sameer Khan was observed outside National Freight Corporation in Pune.,"[[0, 11, ""PERSON""], [33, 61, ""ORG""], [65, 69, ""GPE""]]",multi_entity
No useful information was found in the CCTV records.,[],hard_negative
"According to the crime scene report, Neeraj Shah visited National Freight Corporation in Lucknow.","[[37, 48, ""PERSON""], [57, 85, ""ORG""], [89, 96, ""GPE""]]",contrastive_negative
Nova Components operates a warehouse in Chennai.,"[[0, 15, ""ORG""], [40, 47, ""GPE""]]",multi_entity
The vehicle associated with Neeraj Shah was found near Eastern Express Highway.,"[[28, 39, ""PERSON""], [55, 78, ""LOC""]]",multi_entity
The suspect travelled from Navi Mumbai to Jaipur.,"[[27, 38, ""GPE""], [42, 48, ""GPE""]]",location_context
BlueLine Transport maintained an office in Surat.,"[[0, 18, ""ORG""], [43, 48, ""GPE""]]",org_context
"According to the police report, Dev Malhotra visited Apex Distributors in Chennai.","[[32, 44, ""PERSON""], [53, 70, ""ORG""], [74, 81, ""GPE""]]",contrastive_negative
The surveillance records contained references to Karan Sethi and Metro Logistics Pvt Ltd.,"[[49, 60, ""PERSON""], [65, 88, ""ORG""]]",contrastive_negative
Funds moved from an account linked to Vikram Joshi into DM Trading Services.,"[[38, 50, ""PERSON""], [56, 75, ""ORG""]]",multi_entity
The incident occurred in Kochi.,"[[25, 30, ""GPE""]]",location_context
"The CCTV records mentioned Md. Arif Khan, Rajiv Bansal, and Maharashtra State Bank.","[[27, 40, ""PERSON""], [42, 54, ""PERSON""], [60, 82, ""ORG""]]",complex
Nova Components submitted invoices from its Nagpur office.,"[[0, 15, ""ORG""], [44, 50, ""GPE""]]",multi_entity
Arjun Patel transferred money to KS Electronics from Jaipur.,"[[0, 11, ""PERSON""], [33, 47, ""ORG""], [53, 59, ""GPE""]]",multi_entity
Arjun Patel worked with KS Electronics in Lucknow.,"[[0, 11, ""PERSON""], [24, 38, ""ORG""], [42, 49, ""GPE""]]",multi_entity
Karan Sethi met an employee of Western Freight Solutions near Vashi Sector 17.,"[[0, 11, ""PERSON""], [31, 56, ""ORG""], [62, 77, ""LOC""]]",multi_entity
Funds moved from an account linked to Mohit Chawla into Nova Components.,"[[38, 50, ""PERSON""], [56, 71, ""ORG""]]",multi_entity
"The evidence log mentioned Rohan Mehta, Dev Malhotra, and Metro Logistics Pvt Ltd.","[[27, 38, ""PERSON""], [40, 52, ""PERSON""], [58, 81, ""ORG""]]",complex
The CCTV records showed that Karan Sethi had contacted Maharashtra State Bank.,"[[29, 40, ""PERSON""], [55, 77, ""ORG""]]",contrastive_negative
The FIR record showed that Ananya Sharma had contacted KS Electronics.,"[[27, 40, ""PERSON""], [55, 69, ""ORG""]]",contrastive_negative
Ayesha Khan travelled from Indore to Bengaluru with Mohit Chawla.,"[[0, 11, ""PERSON""], [27, 33, ""GPE""], [37, 46, ""GPE""], [52, 64, ""PERSON""]]",complex
Prime Warehousing submitted invoices from its Thane office.,"[[0, 17, ""ORG""], [46, 51, ""GPE""]]",multi_entity
Karan Sethi met an employee of Shakti Traders near Mumbai-Pune Expressway.,"[[0, 11, ""PERSON""], [31, 45, ""ORG""], [51, 73, ""LOC""]]",multi_entity
"According to the investigation report, Rohan Mehta visited Nova Components in Pune.","[[39, 50, ""PERSON""], [59, 74, ""ORG""], [78, 82, ""GPE""]]",contrastive_negative
Investigators collected the crime scene report for further examination.,[],hard_negative
Investigators compared the financial records with records from Metro Logistics Pvt Ltd.,"[[63, 86, ""ORG""]]",contrastive_negative
Neeraj Shah transferred money to BlueLine Transport from Navi Mumbai.,"[[0, 11, ""PERSON""], [33, 51, ""ORG""], [57, 68, ""GPE""]]",multi_entity
The vehicle associated with R K Sharma was found near Mumbai-Pune Expressway.,"[[28, 38, ""PERSON""], [54, 76, ""LOC""]]",multi_entity
Sameer Khan worked with BlueLine Transport in Kochi.,"[[0, 11, ""PERSON""], [24, 42, ""ORG""], [46, 51, ""GPE""]]",multi_entity
The police report was reviewed by the investigating officer.,[],hard_negative
R K Sharma was observed outside Metro Logistics Pvt Ltd in Ahmedabad.,"[[0, 10, ""PERSON""], [32, 55, ""ORG""], [59, 68, ""GPE""]]",multi_entity
Neeraj Shah appeared in the FIR.,"[[0, 11, ""PERSON""]]",hard_negative
Nova Components was named in the CCTV record reviewed by investigators.,"[[0, 15, ""ORG""]]",contrastive_negative
"The surveillance record mentioned Karan Sethi, Imran Sheikh, and Apex Distributors.","[[34, 45, ""PERSON""], [47, 59, ""PERSON""], [65, 82, ""ORG""]]",complex
Police located Dev Malhotra near Dharavi.,"[[15, 27, ""PERSON""], [33, 40, ""LOC""]]",multi_entity
Ravi Deshmukh was observed outside Apex Distributors in Indore.,"[[0, 13, ""PERSON""], [35, 52, ""ORG""], [56, 62, ""GPE""]]",multi_entity
The team reviewed the financial records before questioning Rajiv Bansal.,"[[59, 71, ""PERSON""]]",hard_negative
DM Trading Services submitted invoices from its Jaipur office.,"[[0, 19, ""ORG""], [48, 54, ""GPE""]]",multi_entity
Karan Sethi was observed outside Western Freight Solutions in Bengaluru.,"[[0, 11, ""PERSON""], [33, 58, ""ORG""], [62, 71, ""GPE""]]",multi_entity
Neeraj Shah was seen entering Bhiwandi Distribution Hub.,"[[0, 11, ""PERSON""], [30, 55, ""FAC""]]",facility_context
The CCTV footage mentioned S. Iyer.,"[[27, 34, ""PERSON""]]",hard_negative
Suresh Iyer and R K Sharma met representatives of City Cargo Services in Thane.,"[[0, 11, ""PERSON""], [16, 26, ""PERSON""], [50, 69, ""ORG""], [73, 78, ""GPE""]]",complex
Investigators compared the Case File with records from Apex Distributors.,"[[55, 72, ""ORG""]]",contrastive_negative
Md. Arif Khan was observed outside Prime Warehousing in Lucknow.,"[[0, 13, ""PERSON""], [35, 52, ""ORG""], [56, 63, ""GPE""]]",multi_entity
Investigators compared the CDR records with records from Maharashtra State Bank.,"[[57, 79, ""ORG""]]",contrastive_negative
The financial records contained references to Suresh Iyer and Shakti Traders.,"[[46, 57, ""PERSON""], [62, 76, ""ORG""]]",contrastive_negative
The financial records contained references to Neeraj Shah and City Cargo Services.,"[[46, 57, ""PERSON""], [62, 81, ""ORG""]]",contrastive_negative
KS Electronics operates a warehouse in Thane.,"[[0, 14, ""ORG""], [39, 44, ""GPE""]]",multi_entity
Prime Warehousing maintained an office in Mumbai.,"[[0, 17, ""ORG""], [42, 48, ""GPE""]]",org_context
Rajiv Bansal worked with Nova Components in Chennai.,"[[0, 12, ""PERSON""], [25, 40, ""ORG""], [44, 51, ""GPE""]]",multi_entity
Maharashtra State Bank supplied invoices to investigators.,"[[0, 22, ""ORG""]]",org_context
Shakti Traders operates a warehouse in Chennai.,"[[0, 14, ""ORG""], [39, 46, ""GPE""]]",multi_entity
Karan Sethi was observed outside Metro Logistics Pvt Ltd in Indore.,"[[0, 11, ""PERSON""], [33, 56, ""ORG""], [60, 66, ""GPE""]]",multi_entity
"According to the vehicle movement record, R K Sharma visited Maharashtra State Bank in Bengaluru.","[[42, 52, ""PERSON""], [61, 83, ""ORG""], [87, 96, ""GPE""]]",contrastive_negative
Western Freight Solutions was named in the FIR record reviewed by investigators.,"[[0, 25, ""ORG""]]",contrastive_negative
The directors of Metro Logistics Pvt Ltd were questioned.,"[[17, 40, ""ORG""]]",org_context
Investigators collected the FIR for further examination.,[],hard_negative
The Call Detail Records showed that Arjun Patel had contacted National Freight Corporation.,"[[36, 47, ""PERSON""], [62, 90, ""ORG""]]",contrastive_negative
A payment was made to Prime Warehousing.,"[[22, 39, ""ORG""]]",org_context
Rajiv Bansal appeared in the seizure memo.,"[[0, 12, ""PERSON""]]",hard_negative
Western Freight Solutions operates a warehouse in Indore.,"[[0, 25, ""ORG""], [50, 56, ""GPE""]]",multi_entity
No useful information was found in the crime scene report.,[],hard_negative
The team reviewed the station diary entry before questioning Priya Nair.,"[[61, 71, ""PERSON""]]",hard_negative
The surveillance record showed that Karan Sethi had contacted BlueLine Transport.,"[[36, 47, ""PERSON""], [62, 80, ""ORG""]]",contrastive_negative
Mohammed Arif Khan appeared in the witness statement.,"[[0, 18, ""PERSON""]]",hard_negative
Ayesha Khan worked with KS Electronics in Nagpur.,"[[0, 11, ""PERSON""], [24, 38, ""ORG""], [42, 48, ""GPE""]]",multi_entity
Ravi Deshmukh was seen entering Bhiwandi Distribution Hub.,"[[0, 13, ""PERSON""], [32, 57, ""FAC""]]",facility_context
Investigators compared the station diary entry with records from Metro Logistics Pvt Ltd.,"[[65, 88, ""ORG""]]",contrastive_negative
Police located Mohit Chawla near Powai Lake Road.,"[[15, 27, ""PERSON""], [33, 48, ""LOC""]]",multi_entity
Officers searched the area around Eastern Express Highway.,"[[34, 57, ""LOC""]]",location_context
"Vikram Joshi transferred funds to Western Freight Solutions, while Dev Malhotra contacted DM Trading Services.","[[0, 12, ""PERSON""], [34, 59, ""ORG""], [67, 79, ""PERSON""], [90, 109, ""ORG""]]",complex
The bank records showed that M. A. Khan had contacted Prime Warehousing.,"[[29, 39, ""PERSON""], [54, 71, ""ORG""]]",contrastive_negative
Western Freight Solutions rented space at Turbhe Warehouse No. 4.,"[[0, 25, ""ORG""], [42, 64, ""FAC""]]",facility_context
The control room log contained references to Karan Sethi and DM Trading Services.,"[[45, 56, ""PERSON""], [61, 80, ""ORG""]]",contrastive_negative
Entries in the Location Surveillance Records were compared with bank transactions.,[],hard_negative
Arjun Patel appeared in the Location Surveillance Record.,"[[0, 11, ""PERSON""]]",hard_negative
Investigators traced the shipment from Indore to Powai Lake Road.,"[[39, 45, ""GPE""], [49, 64, ""LOC""]]",multi_entity
The forensic report contained references to Arjun Patel and Prime Warehousing.,"[[44, 55, ""PERSON""], [60, 77, ""ORG""]]",contrastive_negative
Investigators collected the mobile extraction report for further examination.,[],hard_negative
Suresh Iyer was seen entering Vashi Logistics Yard.,"[[0, 11, ""PERSON""], [30, 50, ""FAC""]]",facility_context
Sameer Khan transferred money to Apex Distributors from Bengaluru.,"[[0, 11, ""PERSON""], [33, 50, ""ORG""], [56, 65, ""GPE""]]",multi_entity
Priya Nair and Sameer Khan met representatives of Metro Logistics Pvt Ltd in Pune.,"[[0, 10, ""PERSON""], [15, 26, ""PERSON""], [50, 73, ""ORG""], [77, 81, ""GPE""]]",complex
The CCTV record contained references to R K Sharma and BlueLine Transport.,"[[40, 50, ""PERSON""], [55, 73, ""ORG""]]",contrastive_negative
Neeraj Shah was observed outside Apex Distributors in Lucknow.,"[[0, 11, ""PERSON""], [33, 50, ""ORG""], [54, 61, ""GPE""]]",multi_entity
The CCTV records was linked to an incident in Indore.,"[[46, 52, ""GPE""]]",hard_negative
The CDR records contained references to Rajiv Bansal and Nova Components.,"[[40, 52, ""PERSON""], [57, 72, ""ORG""]]",contrastive_negative
Suresh Iyer was seen entering Sector 19 Storage Depot.,"[[0, 11, ""PERSON""], [30, 53, ""FAC""]]",facility_context
The team reviewed the vehicle movement record before questioning Sameer Khan.,"[[65, 76, ""PERSON""]]",hard_negative
The suspect travelled from Hyderabad to Lucknow.,"[[27, 36, ""GPE""], [40, 47, ""GPE""]]",location_context
Investigators traced the shipment from Bengaluru to Eastern Express Highway.,"[[39, 48, ""GPE""], [52, 75, ""LOC""]]",multi_entity
Rajiv Bansal travelled from Delhi to Lucknow with Imran Sheikh.,"[[0, 12, ""PERSON""], [28, 33, ""GPE""], [37, 44, ""GPE""], [50, 62, ""PERSON""]]",complex
Sameer Khan was observed outside Prime Warehousing in Thane.,"[[0, 11, ""PERSON""], [33, 50, ""ORG""], [54, 59, ""GPE""]]",multi_entity
Ananya Sharma appeared in the forensic report.,"[[0, 13, ""PERSON""]]",hard_negative
Sameer Khan transferred money to DM Trading Services from Jaipur.,"[[0, 11, ""PERSON""], [33, 52, ""ORG""], [58, 64, ""GPE""]]",multi_entity
Shakti Traders submitted invoices from its Surat office.,"[[0, 14, ""ORG""], [43, 48, ""GPE""]]",multi_entity
"The police report mentioned M. A. Khan, Ananya Sharma, and Apex Distributors.","[[28, 38, ""PERSON""], [40, 53, ""PERSON""], [59, 76, ""ORG""]]",complex
The seizure memo was linked to an incident in Delhi.,"[[46, 51, ""GPE""]]",hard_negative
Dev Malhotra and Ravi Deshmukh met representatives of Maharashtra State Bank in Jaipur.,"[[0, 12, ""PERSON""], [17, 30, ""PERSON""], [54, 76, ""ORG""], [80, 86, ""GPE""]]",complex
Suresh Iyer travelled from Chennai to Nagpur with Mohit Chawla.,"[[0, 11, ""PERSON""], [27, 34, ""GPE""], [38, 44, ""GPE""], [50, 62, ""PERSON""]]",complex
The witness statement contained references to Md. Arif Khan and BlueLine Transport.,"[[46, 59, ""PERSON""], [64, 82, ""ORG""]]",contrastive_negative
Nova Components supplied invoices to investigators.,"[[0, 15, ""ORG""]]",org_context
Funds moved from an account linked to Neeraj Shah into Shakti Traders.,"[[38, 49, ""PERSON""], [55, 69, ""ORG""]]",multi_entity
"According to the arrest memo, Rohan Mehta visited City Cargo Services in Indore.","[[30, 41, ""PERSON""], [50, 69, ""ORG""], [73, 79, ""GPE""]]",contrastive_negative
Police located Md. Arif Khan near Mumbai-Pune Expressway.,"[[15, 28, ""PERSON""], [34, 56, ""LOC""]]",multi_entity
The team reviewed the police report before questioning Suresh Iyer.,"[[55, 66, ""PERSON""]]",hard_negative
Investigators compared the investigation report with records from BlueLine Transport.,"[[66, 84, ""ORG""]]",contrastive_negative
The suspect travelled from Kochi to Thane.,"[[27, 32, ""GPE""], [36, 41, ""GPE""]]",location_context
Suresh Iyer was observed outside Nova Components in Bengaluru.,"[[0, 11, ""PERSON""], [33, 48, ""ORG""], [52, 61, ""GPE""]]",multi_entity
Investigators compared the crime scene report with records from Prime Warehousing.,"[[64, 81, ""ORG""]]",contrastive_negative
The vehicle associated with Mohit Chawla was found near Turbhe Industrial Area.,"[[28, 40, ""PERSON""], [56, 78, ""LOC""]]",multi_entity
The station diary entry contained references to Arjun Patel and KS Electronics.,"[[48, 59, ""PERSON""], [64, 78, ""ORG""]]",contrastive_negative
Karan Sethi and Mohit Chawla met representatives of Maharashtra State Bank in Delhi.,"[[0, 11, ""PERSON""], [16, 28, ""PERSON""], [52, 74, ""ORG""], [78, 83, ""GPE""]]",complex
The team reviewed the Location Surveillance Record before questioning Arjun Patel.,"[[70, 81, ""PERSON""]]",hard_negative
Funds moved from an account linked to Priya Nair into Western Freight Solutions.,"[[38, 48, ""PERSON""], [54, 79, ""ORG""]]",multi_entity
Ayesha Khan worked with Metro Logistics Pvt Ltd in Chennai.,"[[0, 11, ""PERSON""], [24, 47, ""ORG""], [51, 58, ""GPE""]]",multi_entity
The vehicle associated with Karan Sethi was found near Bandra Kurla Complex.,"[[28, 39, ""PERSON""], [55, 75, ""LOC""]]",multi_entity
Mohit Chawla was observed outside National Freight Corporation in Ahmedabad.,"[[0, 12, ""PERSON""], [34, 62, ""ORG""], [66, 75, ""GPE""]]",multi_entity
Arjun Patel worked with Nova Components in Navi Mumbai.,"[[0, 11, ""PERSON""], [24, 39, ""ORG""], [43, 54, ""GPE""]]",multi_entity
National Freight Corporation maintained an office in Indore.,"[[0, 28, ""ORG""], [53, 59, ""GPE""]]",org_context
"According to the bank records, Mohammed Arif Khan visited Shakti Traders in Bengaluru.","[[31, 49, ""PERSON""], [58, 72, ""ORG""], [76, 85, ""GPE""]]",contrastive_negative
Rajiv Bansal transferred money to KS Electronics from Lucknow.,"[[0, 12, ""PERSON""], [34, 48, ""ORG""], [54, 61, ""GPE""]]",multi_entity
Investigators compared the police report with records from BlueLine Transport.,"[[59, 77, ""ORG""]]",contrastive_negative
Funds moved from an account linked to Rajiv Bansal into Western Freight Solutions.,"[[38, 50, ""PERSON""], [56, 81, ""ORG""]]",multi_entity
"The FIR record mentioned Suresh Iyer, Rajiv Bansal, and Shakti Traders.","[[25, 36, ""PERSON""], [38, 50, ""PERSON""], [56, 70, ""ORG""]]",complex
Funds moved from an account linked to Md. Arif Khan into DM Trading Services.,"[[38, 51, ""PERSON""], [57, 76, ""ORG""]]",multi_entity
The arrest memo contained references to Ayesha Khan and Metro Logistics Pvt Ltd.,"[[40, 51, ""PERSON""], [56, 79, ""ORG""]]",contrastive_negative
The incident report showed that Sameer Khan had contacted DM Trading Services.,"[[32, 43, ""PERSON""], [58, 77, ""ORG""]]",contrastive_negative
"According to the bank records, R K Sharma visited Western Freight Solutions in Navi Mumbai.","[[31, 41, ""PERSON""], [50, 75, ""ORG""], [79, 90, ""GPE""]]",contrastive_negative
Arjun Patel appeared in the Location Surveillance Records.,"[[0, 11, ""PERSON""]]",hard_negative
The CCTV footage showed that Suresh Iyer had contacted KS Electronics.,"[[29, 40, ""PERSON""], [55, 69, ""ORG""]]",contrastive_negative
Rajiv Bansal worked with Western Freight Solutions in Jaipur.,"[[0, 12, ""PERSON""], [25, 50, ""ORG""], [54, 60, ""GPE""]]",multi_entity
KS Electronics was named in the crime scene report reviewed by investigators.,"[[0, 14, ""ORG""]]",contrastive_negative
The team reviewed the CCTV footage before questioning Suresh Iyer.,"[[54, 65, ""PERSON""]]",hard_negative
Karan Sethi transferred money to Apex Distributors from Thane.,"[[0, 11, ""PERSON""], [33, 50, ""ORG""], [56, 61, ""GPE""]]",multi_entity
The CCTV records contained references to Arjun Patel and Shakti Traders.,"[[41, 52, ""PERSON""], [57, 71, ""ORG""]]",contrastive_negative
"According to the witness statement, R K Sharma visited Prime Warehousing in Kochi.","[[36, 46, ""PERSON""], [55, 72, ""ORG""], [76, 81, ""GPE""]]",contrastive_negative
"The Location Surveillance Records mentioned Imran Sheikh, Mohammed Arif Khan, and Shakti Traders.","[[44, 56, ""PERSON""], [58, 76, ""PERSON""], [82, 96, ""ORG""]]",complex
The vehicle associated with Ayesha Khan was found near Vashi Sector 17.,"[[28, 39, ""PERSON""], [55, 70, ""LOC""]]",multi_entity
The control room log contained references to M. A. Khan and National Freight Corporation.,"[[45, 55, ""PERSON""], [60, 88, ""ORG""]]",contrastive_negative
Investigators compared the arrest memo with records from Maharashtra State Bank.,"[[57, 79, ""ORG""]]",contrastive_negative
The suspect travelled from Nagpur to Jaipur.,"[[27, 33, ""GPE""], [37, 43, ""GPE""]]",location_context
"The FIR mentioned Mohit Chawla, M. A. Khan, and National Freight Corporation.","[[18, 30, ""PERSON""], [32, 42, ""PERSON""], [48, 76, ""ORG""]]",complex
Suresh Iyer was seen entering Bhiwandi Distribution Hub.,"[[0, 11, ""PERSON""], [30, 55, ""FAC""]]",facility_context
The consignment was moved through Ahmedabad.,"[[34, 43, ""GPE""]]",location_context
Rohan Mehta transferred money to BlueLine Transport from Delhi.,"[[0, 11, ""PERSON""], [33, 51, ""ORG""], [57, 62, ""GPE""]]",multi_entity
Ravi Deshmukh appeared in the FIR record.,"[[0, 13, ""PERSON""]]",hard_negative
Ayesha Khan was seen entering Vashi Logistics Yard.,"[[0, 11, ""PERSON""], [30, 50, ""FAC""]]",facility_context
"According to the CCTV records, Ravi Deshmukh visited City Cargo Services in Hyderabad.","[[31, 44, ""PERSON""], [53, 72, ""ORG""], [76, 85, ""GPE""]]",contrastive_negative
Arjun Patel and S. Iyer met representatives of KS Electronics in Bengaluru.,"[[0, 11, ""PERSON""], [16, 23, ""PERSON""], [47, 61, ""ORG""], [65, 74, ""GPE""]]",complex
DM Trading Services was named in the CCTV records reviewed by investigators.,"[[0, 19, ""ORG""]]",contrastive_negative
Neeraj Shah appeared in the station diary entry.,"[[0, 11, ""PERSON""]]",hard_negative
The suspect travelled from Chennai to Indore.,"[[27, 34, ""GPE""], [38, 44, ""GPE""]]",location_context
The team reviewed the financial records before questioning Md. Arif Khan.,"[[59, 72, ""PERSON""]]",hard_negative
Imran Sheikh transferred money to City Cargo Services from Hyderabad.,"[[0, 12, ""PERSON""], [34, 53, ""ORG""], [59, 68, ""GPE""]]",multi_entity
Nova Components rented space at Vashi Logistics Yard.,"[[0, 15, ""ORG""], [32, 52, ""FAC""]]",facility_context
The evidence log showed that Ayesha Khan had contacted Maharashtra State Bank.,"[[29, 40, ""PERSON""], [55, 77, ""ORG""]]",contrastive_negative
S. Iyer was seen entering Vashi Logistics Yard.,"[[0, 7, ""PERSON""], [26, 46, ""FAC""]]",facility_context
The team reviewed the case file before questioning Md. Arif Khan.,"[[51, 64, ""PERSON""]]",hard_negative
Ananya Sharma transferred money to DM Trading Services from Chennai.,"[[0, 13, ""PERSON""], [35, 54, ""ORG""], [60, 67, ""GPE""]]",multi_entity
Ravi Deshmukh met an employee of Nova Components near Bandra Kurla Complex.,"[[0, 13, ""PERSON""], [33, 48, ""ORG""], [54, 74, ""LOC""]]",multi_entity
No useful information was found in the CDR records.,[],hard_negative
Goods were stored at Andheri Commercial Complex.,"[[21, 47, ""FAC""]]",facility_context
Investigators traced the shipment from Delhi to Eastern Express Highway.,"[[39, 44, ""GPE""], [48, 71, ""LOC""]]",multi_entity
Investigators collected the FIR record for further examination.,[],hard_negative
Md. Arif Khan worked with Maharashtra State Bank in Thane.,"[[0, 13, ""PERSON""], [26, 48, ""ORG""], [52, 57, ""GPE""]]",multi_entity
The FIR mentioned Ayesha Khan.,"[[18, 29, ""PERSON""]]",hard_negative
Investigators compared the surveillance records with records from Shakti Traders.,"[[66, 80, ""ORG""]]",contrastive_negative
R K Sharma appeared in the CDR records.,"[[0, 10, ""PERSON""]]",hard_negative
Funds moved from an account linked to Md. Arif Khan into Western Freight Solutions.,"[[38, 51, ""PERSON""], [57, 82, ""ORG""]]",multi_entity
Mohit Chawla met an employee of DM Trading Services near Andheri East.,"[[0, 12, ""PERSON""], [32, 51, ""ORG""], [57, 69, ""LOC""]]",multi_entity
Police located Ayesha Khan near Andheri East.,"[[15, 26, ""PERSON""], [32, 44, ""LOC""]]",multi_entity
Rohan Mehta met an employee of City Cargo Services near Bandra Kurla Complex.,"[[0, 11, ""PERSON""], [31, 50, ""ORG""], [56, 76, ""LOC""]]",multi_entity
Priya Nair was observed outside National Freight Corporation in Hyderabad.,"[[0, 10, ""PERSON""], [32, 60, ""ORG""], [64, 73, ""GPE""]]",multi_entity
The vehicle was located near Powai Lake Road.,"[[29, 44, ""LOC""]]",location_context
Md. Arif Khan was observed outside City Cargo Services in Ahmedabad.,"[[0, 13, ""PERSON""], [35, 54, ""ORG""], [58, 67, ""GPE""]]",multi_entity
The seizure memo mentioned Neeraj Shah.,"[[27, 38, ""PERSON""]]",hard_negative
"According to the CDR records, Md. Arif Khan visited Shakti Traders in Mumbai.","[[30, 43, ""PERSON""], [52, 66, ""ORG""], [70, 76, ""GPE""]]",contrastive_negative
Western Freight Solutions submitted invoices from its Pune office.,"[[0, 25, ""ORG""], [54, 58, ""GPE""]]",multi_entity
Police located Md. Arif Khan near Dharavi.,"[[15, 28, ""PERSON""], [34, 41, ""LOC""]]",multi_entity
Ayesha Khan transferred money to DM Trading Services from Chennai.,"[[0, 11, ""PERSON""], [33, 52, ""ORG""], [58, 65, ""GPE""]]",multi_entity
Ayesha Khan worked with DM Trading Services in Navi Mumbai.,"[[0, 11, ""PERSON""], [24, 43, ""ORG""], [47, 58, ""GPE""]]",multi_entity
S. Iyer transferred money to Apex Distributors from Navi Mumbai.,"[[0, 7, ""PERSON""], [29, 46, ""ORG""], [52, 63, ""GPE""]]",multi_entity
Mohit Chawla worked with Maharashtra State Bank in Delhi.,"[[0, 12, ""PERSON""], [25, 47, ""ORG""], [51, 56, ""GPE""]]",multi_entity
"Ayesha Khan transferred funds to DM Trading Services, while Mohammed Arif Khan contacted National Freight Corporation.","[[0, 11, ""PERSON""], [33, 52, ""ORG""], [60, 78, ""PERSON""], [89, 117, ""ORG""]]",complex
City Cargo Services rented space at Bhiwandi Distribution Hub.,"[[0, 19, ""ORG""], [36, 61, ""FAC""]]",facility_context
Funds moved from an account linked to Ayesha Khan into Nova Components.,"[[38, 49, ""PERSON""], [55, 70, ""ORG""]]",multi_entity
Ravi Deshmukh worked with National Freight Corporation in Thane.,"[[0, 13, ""PERSON""], [26, 54, ""ORG""], [58, 63, ""GPE""]]",multi_entity
The CCTV records contained references to Ananya Sharma and Nova Components.,"[[41, 54, ""PERSON""], [59, 74, ""ORG""]]",contrastive_negative
"Karan Sethi transferred funds to Metro Logistics Pvt Ltd, while Neeraj Shah contacted National Freight Corporation.","[[0, 11, ""PERSON""], [33, 56, ""ORG""], [64, 75, ""PERSON""], [86, 114, ""ORG""]]",complex
National Freight Corporation was named in the Call Detail Records reviewed by investigators.,"[[0, 28, ""ORG""]]",contrastive_negative
"According to the FIR, M. A. Khan visited Prime Warehousing in Surat.","[[22, 32, ""PERSON""], [41, 58, ""ORG""], [62, 67, ""GPE""]]",contrastive_negative
Imran Sheikh met an employee of City Cargo Services near Thane Creek.,"[[0, 12, ""PERSON""], [32, 51, ""ORG""], [57, 68, ""LOC""]]",multi_entity
The team reviewed the FIR record before questioning Mohammed Arif Khan.,"[[52, 70, ""PERSON""]]",hard_negative
Prime Warehousing submitted invoices from its Lucknow office.,"[[0, 17, ""ORG""], [46, 53, ""GPE""]]",multi_entity
Rajiv Bansal was seen entering Turbhe Warehouse No. 4.,"[[0, 12, ""PERSON""], [31, 53, ""FAC""]]",facility_context
Vikram Joshi and Md. Arif Khan met representatives of National Freight Corporation in Chennai.,"[[0, 12, ""PERSON""], [17, 30, ""PERSON""], [54, 82, ""ORG""], [86, 93, ""GPE""]]",complex
Rajiv Bansal met an employee of KS Electronics near Mumbai-Pune Expressway.,"[[0, 12, ""PERSON""], [32, 46, ""ORG""], [52, 74, ""LOC""]]",multi_entity
BlueLine Transport rented space at Vashi Logistics Yard.,"[[0, 18, ""ORG""], [35, 55, ""FAC""]]",facility_context
"M. A. Khan transferred funds to KS Electronics, while Mohammed Arif Khan contacted Prime Warehousing.","[[0, 10, ""PERSON""], [32, 46, ""ORG""], [54, 72, ""PERSON""], [83, 100, ""ORG""]]",complex
Funds moved from an account linked to Suresh Iyer into BlueLine Transport.,"[[38, 49, ""PERSON""], [55, 73, ""ORG""]]",multi_entity
"The witness statement mentioned Suresh Iyer, Mohammed Arif Khan, and Metro Logistics Pvt Ltd.","[[32, 43, ""PERSON""], [45, 63, ""PERSON""], [69, 92, ""ORG""]]",complex
Rajiv Bansal and Mohit Chawla met representatives of Shakti Traders in Pune.,"[[0, 12, ""PERSON""], [17, 29, ""PERSON""], [53, 67, ""ORG""], [71, 75, ""GPE""]]",complex
Ravi Deshmukh transferred money to Metro Logistics Pvt Ltd from Indore.,"[[0, 13, ""PERSON""], [35, 58, ""ORG""], [64, 70, ""GPE""]]",multi_entity
Investigators traced the shipment from Navi Mumbai to Bandra Kurla Complex.,"[[39, 50, ""GPE""], [54, 74, ""LOC""]]",multi_entity
Nova Components was named in the evidence log reviewed by investigators.,"[[0, 15, ""ORG""]]",contrastive_negative
Western Freight Solutions maintained an office in Jaipur.,"[[0, 25, ""ORG""], [50, 56, ""GPE""]]",org_context
Prime Warehousing was named in the witness statement reviewed by investigators.,"[[0, 17, ""ORG""]]",contrastive_negative
Goods were stored at Bhiwandi Distribution Hub.,"[[21, 46, ""FAC""]]",facility_context
Investigators compared the CDR records with records from City Cargo Services.,"[[57, 76, ""ORG""]]",contrastive_negative
Sameer Khan worked with Apex Distributors in Pune.,"[[0, 11, ""PERSON""], [24, 41, ""ORG""], [45, 49, ""GPE""]]",multi_entity
M. A. Khan met an employee of Maharashtra State Bank near Dharavi.,"[[0, 10, ""PERSON""], [30, 52, ""ORG""], [58, 65, ""LOC""]]",multi_entity
The team reviewed the surveillance records before questioning Priya Nair.,"[[62, 72, ""PERSON""]]",hard_negative
S. Iyer worked with Nova Components in Jaipur.,"[[0, 7, ""PERSON""], [20, 35, ""ORG""], [39, 45, ""GPE""]]",multi_entity
Investigators compared the seizure memo with records from Prime Warehousing.,"[[58, 75, ""ORG""]]",contrastive_negative
Md. Arif Khan travelled from Chennai to Nagpur with R K Sharma.,"[[0, 13, ""PERSON""], [29, 36, ""GPE""], [40, 46, ""GPE""], [52, 62, ""PERSON""]]",complex
"The arrest memo mentioned Vikram Joshi, Imran Sheikh, and KS Electronics.","[[26, 38, ""PERSON""], [40, 52, ""PERSON""], [58, 72, ""ORG""]]",complex
M. A. Khan was seen entering Vashi Logistics Yard.,"[[0, 10, ""PERSON""], [29, 49, ""FAC""]]",facility_context
The team reviewed the surveillance record before questioning Neeraj Shah.,"[[61, 72, ""PERSON""]]",hard_negative
R K Sharma worked with Nova Components in Chennai.,"[[0, 10, ""PERSON""], [23, 38, ""ORG""], [42, 49, ""GPE""]]",multi_entity
Ayesha Khan was observed outside Maharashtra State Bank in Lucknow.,"[[0, 11, ""PERSON""], [33, 55, ""ORG""], [59, 66, ""GPE""]]",multi_entity
The incident report mentioned S. Iyer.,"[[30, 37, ""PERSON""]]",hard_negative
Arjun Patel appeared in the crime scene report.,"[[0, 11, ""PERSON""]]",hard_negative
The police report mentioned Vikram Joshi.,"[[28, 40, ""PERSON""]]",hard_negative
S. Iyer and Imran Sheikh met representatives of Maharashtra State Bank in Ahmedabad.,"[[0, 7, ""PERSON""], [12, 24, ""PERSON""], [48, 70, ""ORG""], [74, 83, ""GPE""]]",complex
"The Case File mentioned Karan Sethi, Mohit Chawla, and Nova Components.","[[24, 35, ""PERSON""], [37, 49, ""PERSON""], [55, 70, ""ORG""]]",complex
"The Call Detail Records mentioned Vikram Joshi, Suresh Iyer, and Apex Distributors.","[[34, 46, ""PERSON""], [48, 59, ""PERSON""], [65, 82, ""ORG""]]",complex
S. Iyer worked with Shakti Traders in Indore.,"[[0, 7, ""PERSON""], [20, 34, ""ORG""], [38, 44, ""GPE""]]",multi_entity
Investigators traced the shipment from Ahmedabad to Turbhe Industrial Area.,"[[39, 48, ""GPE""], [52, 74, ""LOC""]]",multi_entity
Sameer Khan met an employee of Metro Logistics Pvt Ltd near Andheri East.,"[[0, 11, ""PERSON""], [31, 54, ""ORG""], [60, 72, ""LOC""]]",multi_entity
Arjun Patel travelled from Jaipur to Lucknow with Ayesha Khan.,"[[0, 11, ""PERSON""], [27, 33, ""GPE""], [37, 44, ""GPE""], [50, 61, ""PERSON""]]",complex
Police located Karan Sethi near Mumbai-Pune Expressway.,"[[15, 26, ""PERSON""], [32, 54, ""LOC""]]",multi_entity
City Cargo Services submitted invoices from its Nagpur office.,"[[0, 19, ""ORG""], [48, 54, ""GPE""]]",multi_entity
Vikram Joshi transferred money to Nova Components from Delhi.,"[[0, 12, ""PERSON""], [34, 49, ""ORG""], [55, 60, ""GPE""]]",multi_entity
Arjun Patel worked with BlueLine Transport in Ahmedabad.,"[[0, 11, ""PERSON""], [24, 42, ""ORG""], [46, 55, ""GPE""]]",multi_entity
The Case File was reviewed by the investigating officer.,[],hard_negative
Mohammed Arif Khan was observed outside KS Electronics in Thane.,"[[0, 18, ""PERSON""], [40, 54, ""ORG""], [58, 63, ""GPE""]]",multi_entity
The CDR records mentioned Sameer Khan.,"[[26, 37, ""PERSON""]]",hard_negative
Rohan Mehta travelled from Ahmedabad to Pune with Karan Sethi.,"[[0, 11, ""PERSON""], [27, 36, ""GPE""], [40, 44, ""GPE""], [50, 61, ""PERSON""]]",complex
The mobile extraction report was linked to an incident in Kochi.,"[[58, 63, ""GPE""]]",hard_negative
"The financial records mentioned Suresh Iyer, Arjun Patel, and KS Electronics.","[[32, 43, ""PERSON""], [45, 56, ""PERSON""], [62, 76, ""ORG""]]",complex
R K Sharma travelled from Jaipur to Pune with Dev Malhotra.,"[[0, 10, ""PERSON""], [26, 32, ""GPE""], [36, 40, ""GPE""], [46, 58, ""PERSON""]]",complex
Prime Warehousing was named in the FIR reviewed by investigators.,"[[0, 17, ""ORG""]]",contrastive_negative
Arjun Patel met an employee of City Cargo Services near Andheri East.,"[[0, 11, ""PERSON""], [31, 50, ""ORG""], [56, 68, ""LOC""]]",multi_entity
S. Iyer transferred money to BlueLine Transport from Bengaluru.,"[[0, 7, ""PERSON""], [29, 47, ""ORG""], [53, 62, ""GPE""]]",multi_entity
Ravi Deshmukh and Suresh Iyer met representatives of Apex Distributors in Pune.,"[[0, 13, ""PERSON""], [18, 29, ""PERSON""], [53, 70, ""ORG""], [74, 78, ""GPE""]]",complex
Funds moved from an account linked to Rohan Mehta into City Cargo Services.,"[[38, 49, ""PERSON""], [55, 74, ""ORG""]]",multi_entity
Investigators compared the arrest memo with records from KS Electronics.,"[[57, 71, ""ORG""]]",contrastive_negative
Police located R K Sharma near Thane Creek.,"[[15, 25, ""PERSON""], [31, 42, ""LOC""]]",multi_entity
The incident occurred in Indore.,"[[25, 31, ""GPE""]]",location_context
DM Trading Services operates a warehouse in Bengaluru.,"[[0, 19, ""ORG""], [44, 53, ""GPE""]]",multi_entity
S. Iyer and Priya Nair met representatives of Nova Components in Chennai.,"[[0, 7, ""PERSON""], [12, 22, ""PERSON""], [46, 61, ""ORG""], [65, 72, ""GPE""]]",complex
S. Iyer and Rohan Mehta met representatives of Metro Logistics Pvt Ltd in Kochi.,"[[0, 7, ""PERSON""], [12, 23, ""PERSON""], [47, 70, ""ORG""], [74, 79, ""GPE""]]",complex
Priya Nair was observed outside KS Electronics in Bengaluru.,"[[0, 10, ""PERSON""], [32, 46, ""ORG""], [50, 59, ""GPE""]]",multi_entity
Karan Sethi appeared in the surveillance record.,"[[0, 11, ""PERSON""]]",hard_negative
Rajiv Bansal was observed outside Nova Components in Pune.,"[[0, 12, ""PERSON""], [34, 49, ""ORG""], [53, 57, ""GPE""]]",multi_entity
Nova Components was named in the CCTV footage reviewed by investigators.,"[[0, 15, ""ORG""]]",contrastive_negative
The team reviewed the investigation report before questioning M. A. Khan.,"[[62, 72, ""PERSON""]]",hard_negative
City Cargo Services operates a warehouse in Pune.,"[[0, 19, ""ORG""], [44, 48, ""GPE""]]",multi_entity
Mohammed Arif Khan was seen entering Andheri Commercial Complex.,"[[0, 18, ""PERSON""], [37, 63, ""FAC""]]",facility_context
Rohan Mehta worked with KS Electronics in Pune.,"[[0, 11, ""PERSON""], [24, 38, ""ORG""], [42, 46, ""GPE""]]",multi_entity
Md. Arif Khan travelled from Bengaluru to Hyderabad with Suresh Iyer.,"[[0, 13, ""PERSON""], [29, 38, ""GPE""], [42, 51, ""GPE""], [57, 68, ""PERSON""]]",complex
Investigators collected the witness statement for further examination.,[],hard_negative
KS Electronics operates a warehouse in Lucknow.,"[[0, 14, ""ORG""], [39, 46, ""GPE""]]",multi_entity
No useful information was found in the financial records.,[],hard_negative
BlueLine Transport maintained an office in Pune.,"[[0, 18, ""ORG""], [43, 47, ""GPE""]]",org_context
The vehicle associated with Imran Sheikh was found near Vashi Sector 17.,"[[28, 40, ""PERSON""], [56, 71, ""LOC""]]",multi_entity
Mohit Chawla appeared in the vehicle movement record.,"[[0, 12, ""PERSON""]]",hard_negative
City Cargo Services was named in the arrest memo reviewed by investigators.,"[[0, 19, ""ORG""]]",contrastive_negative
Ananya Sharma appeared in the CDR records.,"[[0, 13, ""PERSON""]]",hard_negative
Prime Warehousing operates a warehouse in Lucknow.,"[[0, 17, ""ORG""], [42, 49, ""GPE""]]",multi_entity
Sameer Khan appeared in the CCTV record.,"[[0, 11, ""PERSON""]]",hard_negative
Nova Components submitted invoices from its Chennai office.,"[[0, 15, ""ORG""], [44, 51, ""GPE""]]",multi_entity
Mohammed Arif Khan appeared in the investigation report.,"[[0, 18, ""PERSON""]]",hard_negative
R K Sharma travelled from Mumbai to Nagpur with Ravi Deshmukh.,"[[0, 10, ""PERSON""], [26, 32, ""GPE""], [36, 42, ""GPE""], [48, 61, ""PERSON""]]",complex
The mobile extraction report was linked to an incident in Pune.,"[[58, 62, ""GPE""]]",hard_negative
The team reviewed the incident report before questioning Vikram Joshi.,"[[57, 69, ""PERSON""]]",hard_negative
The vehicle associated with Mohit Chawla was found near Andheri East.,"[[28, 40, ""PERSON""], [56, 68, ""LOC""]]",multi_entity
Entries in the CCTV footage were compared with bank transactions.,[],hard_negative
The vehicle movement record showed that Neeraj Shah had contacted Maharashtra State Bank.,"[[40, 51, ""PERSON""], [66, 88, ""ORG""]]",contrastive_negative
Investigators traced the shipment from Lucknow to Powai Lake Road.,"[[39, 46, ""GPE""], [50, 65, ""LOC""]]",multi_entity
The financial records was linked to an incident in Chennai.,"[[51, 58, ""GPE""]]",hard_negative
The financial records contained references to Rajiv Bansal and City Cargo Services.,"[[46, 58, ""PERSON""], [63, 82, ""ORG""]]",contrastive_negative
No useful information was found in the Call Detail Records.,[],hard_negative
Arjun Patel transferred money to Metro Logistics Pvt Ltd from Lucknow.,"[[0, 11, ""PERSON""], [33, 56, ""ORG""], [62, 69, ""GPE""]]",multi_entity
KS Electronics rented space at Turbhe Warehouse No. 4.,"[[0, 14, ""ORG""], [31, 53, ""FAC""]]",facility_context
The forensic report was linked to an incident in Kochi.,"[[49, 54, ""GPE""]]",hard_negative
BlueLine Transport operates a warehouse in Delhi.,"[[0, 18, ""ORG""], [43, 48, ""GPE""]]",multi_entity
"According to the crime scene report, Ananya Sharma visited DM Trading Services in Mumbai.","[[37, 50, ""PERSON""], [59, 78, ""ORG""], [82, 88, ""GPE""]]",contrastive_negative
Investigators compared the witness statement with records from Shakti Traders.,"[[63, 77, ""ORG""]]",contrastive_negative
The bank records contained references to Priya Nair and Western Freight Solutions.,"[[41, 51, ""PERSON""], [56, 81, ""ORG""]]",contrastive_negative
"According to the CDR records, Mohammed Arif Khan visited DM Trading Services in Ahmedabad.","[[30, 48, ""PERSON""], [57, 76, ""ORG""], [80, 89, ""GPE""]]",contrastive_negative
The incident report showed that Suresh Iyer had contacted National Freight Corporation.,"[[32, 43, ""PERSON""], [58, 86, ""ORG""]]",contrastive_negative
Suresh Iyer transferred money to Shakti Traders from Nagpur.,"[[0, 11, ""PERSON""], [33, 47, ""ORG""], [53, 59, ""GPE""]]",multi_entity
Mohammed Arif Khan was observed outside Shakti Traders in Mumbai.,"[[0, 18, ""PERSON""], [40, 54, ""ORG""], [58, 64, ""GPE""]]",multi_entity
Funds moved from an account linked to Mohammed Arif Khan into City Cargo Services.,"[[38, 56, ""PERSON""], [62, 81, ""ORG""]]",multi_entity
Investigators compared the crime scene report with records from KS Electronics.,"[[64, 78, ""ORG""]]",contrastive_negative
Ayesha Khan travelled from Bengaluru to Kochi with R K Sharma.,"[[0, 11, ""PERSON""], [27, 36, ""GPE""], [40, 45, ""GPE""], [51, 61, ""PERSON""]]",complex
Investigators compared the Location Surveillance Records with records from DM Trading Services.,"[[75, 94, ""ORG""]]",contrastive_negative
DM Trading Services maintained an office in Surat.,"[[0, 19, ""ORG""], [44, 49, ""GPE""]]",org_context
The suspect travelled from Surat to Jaipur.,"[[27, 32, ""GPE""], [36, 42, ""GPE""]]",location_context
Karan Sethi worked with Prime Warehousing in Navi Mumbai.,"[[0, 11, ""PERSON""], [24, 41, ""ORG""], [45, 56, ""GPE""]]",multi_entity
Sameer Khan and Karan Sethi met representatives of Shakti Traders in Nagpur.,"[[0, 11, ""PERSON""], [16, 27, ""PERSON""], [51, 65, ""ORG""], [69, 75, ""GPE""]]",complex
Investigators compared the station diary entry with records from Apex Distributors.,"[[65, 82, ""ORG""]]",contrastive_negative
Investigators compared the arrest memo with records from Apex Distributors.,"[[57, 74, ""ORG""]]",contrastive_negative
"According to the crime scene report, R K Sharma visited Metro Logistics Pvt Ltd in Pune.","[[37, 47, ""PERSON""], [56, 79, ""ORG""], [83, 87, ""GPE""]]",contrastive_negative
Rajiv Bansal was observed outside Metro Logistics Pvt Ltd in Delhi.,"[[0, 12, ""PERSON""], [34, 57, ""ORG""], [61, 66, ""GPE""]]",multi_entity
Investigators traced the shipment from Indore to Dharavi.,"[[39, 45, ""GPE""], [49, 56, ""LOC""]]",multi_entity
Priya Nair worked with City Cargo Services in Chennai.,"[[0, 10, ""PERSON""], [23, 42, ""ORG""], [46, 53, ""GPE""]]",multi_entity
Dev Malhotra was observed outside KS Electronics in Surat.,"[[0, 12, ""PERSON""], [34, 48, ""ORG""], [52, 57, ""GPE""]]",multi_entity
No useful information was found in the vehicle movement record.,[],hard_negative
The bank records showed that Md. Arif Khan had contacted DM Trading Services.,"[[29, 42, ""PERSON""], [57, 76, ""ORG""]]",contrastive_negative
City Cargo Services supplied invoices to investigators.,"[[0, 19, ""ORG""]]",org_context
Ayesha Khan met an employee of Nova Components near Turbhe Industrial Area.,"[[0, 11, ""PERSON""], [31, 46, ""ORG""], [52, 74, ""LOC""]]",multi_entity
Apex Distributors operates a warehouse in Navi Mumbai.,"[[0, 17, ""ORG""], [42, 53, ""GPE""]]",multi_entity
DM Trading Services submitted invoices from its Bengaluru office.,"[[0, 19, ""ORG""], [48, 57, ""GPE""]]",multi_entity
M. A. Khan and Priya Nair met representatives of National Freight Corporation in Mumbai.,"[[0, 10, ""PERSON""], [15, 25, ""PERSON""], [49, 77, ""ORG""], [81, 87, ""GPE""]]",complex
Imran Sheikh appeared in the crime scene report.,"[[0, 12, ""PERSON""]]",hard_negative
Investigators traced the shipment from Navi Mumbai to Andheri East.,"[[39, 50, ""GPE""], [54, 66, ""LOC""]]",multi_entity
Ananya Sharma worked with National Freight Corporation in Jaipur.,"[[0, 13, ""PERSON""], [26, 54, ""ORG""], [58, 64, ""GPE""]]",multi_entity
The team reviewed the police report before questioning Mohit Chawla.,"[[55, 67, ""PERSON""]]",hard_negative
The suspect travelled from Nagpur to Surat.,"[[27, 33, ""GPE""], [37, 42, ""GPE""]]",location_context
"According to the CDR records, Mohit Chawla visited Nova Components in Pune.","[[30, 42, ""PERSON""], [51, 66, ""ORG""], [70, 74, ""GPE""]]",contrastive_negative
"The Location Surveillance Records mentioned Ayesha Khan, Mohit Chawla, and Metro Logistics Pvt Ltd.","[[44, 55, ""PERSON""], [57, 69, ""PERSON""], [75, 98, ""ORG""]]",complex
R K Sharma worked with Shakti Traders in Ahmedabad.,"[[0, 10, ""PERSON""], [23, 37, ""ORG""], [41, 50, ""GPE""]]",multi_entity
Metro Logistics Pvt Ltd submitted invoices from its Nagpur office.,"[[0, 23, ""ORG""], [52, 58, ""GPE""]]",multi_entity
"According to the Location Surveillance Records, Md. Arif Khan visited Nova Components in Surat.","[[48, 61, ""PERSON""], [70, 85, ""ORG""], [89, 94, ""GPE""]]",contrastive_negative
Suresh Iyer transferred money to City Cargo Services from Kochi.,"[[0, 11, ""PERSON""], [33, 52, ""ORG""], [58, 63, ""GPE""]]",multi_entity
"The incident report mentioned Mohammed Arif Khan, M. A. Khan, and Nova Components.","[[30, 48, ""PERSON""], [50, 60, ""PERSON""], [66, 81, ""ORG""]]",complex
Western Freight Solutions supplied invoices to investigators.,"[[0, 25, ""ORG""]]",org_context
Investigators compared the incident report with records from Metro Logistics Pvt Ltd.,"[[61, 84, ""ORG""]]",contrastive_negative
Nova Components rented space at Turbhe Warehouse No. 4.,"[[0, 15, ""ORG""], [32, 54, ""FAC""]]",facility_context
Maharashtra State Bank operates a warehouse in Lucknow.,"[[0, 22, ""ORG""], [47, 54, ""GPE""]]",multi_entity
The Location Surveillance Record was linked to an incident in Delhi.,"[[62, 67, ""GPE""]]",hard_negative
The arrest memo mentioned M. A. Khan.,"[[26, 36, ""PERSON""]]",hard_negative
Ravi Deshmukh transferred money to DM Trading Services from Bengaluru.,"[[0, 13, ""PERSON""], [35, 54, ""ORG""], [60, 69, ""GPE""]]",multi_entity
Investigators compared the investigation report with records from Nova Components.,"[[66, 81, ""ORG""]]",contrastive_negative
The vehicle associated with Mohit Chawla was found near Mumbai-Pune Expressway.,"[[28, 40, ""PERSON""], [56, 78, ""LOC""]]",multi_entity
Sameer Khan transferred money to Western Freight Solutions from Lucknow.,"[[0, 11, ""PERSON""], [33, 58, ""ORG""], [64, 71, ""GPE""]]",multi_entity
"R K Sharma transferred funds to Shakti Traders, while Sameer Khan contacted City Cargo Services.","[[0, 10, ""PERSON""], [32, 46, ""ORG""], [54, 65, ""PERSON""], [76, 95, ""ORG""]]",complex
The case file contained references to Neeraj Shah and BlueLine Transport.,"[[38, 49, ""PERSON""], [54, 72, ""ORG""]]",contrastive_negative
Funds moved from an account linked to Karan Sethi into Maharashtra State Bank.,"[[38, 49, ""PERSON""], [55, 77, ""ORG""]]",multi_entity
Priya Nair met an employee of Western Freight Solutions near Bandra Kurla Complex.,"[[0, 10, ""PERSON""], [30, 55, ""ORG""], [61, 81, ""LOC""]]",multi_entity
A payment was made to Apex Distributors.,"[[22, 39, ""ORG""]]",org_context
Rajiv Bansal met an employee of KS Electronics near Turbhe Industrial Area.,"[[0, 12, ""PERSON""], [32, 46, ""ORG""], [52, 74, ""LOC""]]",multi_entity
The evidence log contained references to Sameer Khan and City Cargo Services.,"[[41, 52, ""PERSON""], [57, 76, ""ORG""]]",contrastive_negative
Funds moved from an account linked to R K Sharma into National Freight Corporation.,"[[38, 48, ""PERSON""], [54, 82, ""ORG""]]",multi_entity
"According to the Call Detail Records, Neeraj Shah visited BlueLine Transport in Indore.","[[38, 49, ""PERSON""], [58, 76, ""ORG""], [80, 86, ""GPE""]]",contrastive_negative
Apex Distributors submitted invoices from its Jaipur office.,"[[0, 17, ""ORG""], [46, 52, ""GPE""]]",multi_entity
Priya Nair appeared in the Case File.,"[[0, 10, ""PERSON""]]",hard_negative
The Location Surveillance Record contained references to R K Sharma and National Freight Corporation.,"[[57, 67, ""PERSON""], [72, 100, ""ORG""]]",contrastive_negative
"Ananya Sharma transferred funds to National Freight Corporation, while R K Sharma contacted City Cargo Services.","[[0, 13, ""PERSON""], [35, 63, ""ORG""], [71, 81, ""PERSON""], [92, 111, ""ORG""]]",complex
The arrest memo showed that S. Iyer had contacted National Freight Corporation.,"[[28, 35, ""PERSON""], [50, 78, ""ORG""]]",contrastive_negative
S. Iyer travelled from Lucknow to Jaipur with Karan Sethi.,"[[0, 7, ""PERSON""], [23, 30, ""GPE""], [34, 40, ""GPE""], [46, 57, ""PERSON""]]",complex
The incident report showed that Rajiv Bansal had contacted Apex Distributors.,"[[32, 44, ""PERSON""], [59, 76, ""ORG""]]",contrastive_negative
"Ayesha Khan transferred funds to DM Trading Services, while Md. Arif Khan contacted Metro Logistics Pvt Ltd.","[[0, 11, ""PERSON""], [33, 52, ""ORG""], [60, 73, ""PERSON""], [84, 107, ""ORG""]]",complex
The suspect travelled from Pune to Lucknow.,"[[27, 31, ""GPE""], [35, 42, ""GPE""]]",location_context
"According to the case file, M. A. Khan visited KS Electronics in Delhi.","[[28, 38, ""PERSON""], [47, 61, ""ORG""], [65, 70, ""GPE""]]",contrastive_negative
Imran Sheikh travelled from Jaipur to Lucknow with Sameer Khan.,"[[0, 12, ""PERSON""], [28, 34, ""GPE""], [38, 45, ""GPE""], [51, 62, ""PERSON""]]",complex
Priya Nair was observed outside BlueLine Transport in Navi Mumbai.,"[[0, 10, ""PERSON""], [32, 50, ""ORG""], [54, 65, ""GPE""]]",multi_entity
The police report was linked to an incident in Nagpur.,"[[47, 53, ""GPE""]]",hard_negative
The station diary entry contained references to Vikram Joshi and City Cargo Services.,"[[48, 60, ""PERSON""], [65, 84, ""ORG""]]",contrastive_negative
"The surveillance record mentioned Priya Nair, Rajiv Bansal, and Shakti Traders.","[[34, 44, ""PERSON""], [46, 58, ""PERSON""], [64, 78, ""ORG""]]",complex
Investigators compared the forensic report with records from Metro Logistics Pvt Ltd.,"[[61, 84, ""ORG""]]",contrastive_negative
"S. Iyer transferred funds to Nova Components, while Mohit Chawla contacted Prime Warehousing.","[[0, 7, ""PERSON""], [29, 44, ""ORG""], [52, 64, ""PERSON""], [75, 92, ""ORG""]]",complex
Mohammed Arif Khan worked with BlueLine Transport in Mumbai.,"[[0, 18, ""PERSON""], [31, 49, ""ORG""], [53, 59, ""GPE""]]",multi_entity
The arrest memo showed that Vikram Joshi had contacted Maharashtra State Bank.,"[[28, 40, ""PERSON""], [55, 77, ""ORG""]]",contrastive_negative
The investigation report contained references to Ayesha Khan and Metro Logistics Pvt Ltd.,"[[49, 60, ""PERSON""], [65, 88, ""ORG""]]",contrastive_negative
Imran Sheikh and Md. Arif Khan met representatives of National Freight Corporation in Navi Mumbai.,"[[0, 12, ""PERSON""], [17, 30, ""PERSON""], [54, 82, ""ORG""], [86, 97, ""GPE""]]",complex
Imran Sheikh worked with Maharashtra State Bank in Chennai.,"[[0, 12, ""PERSON""], [25, 47, ""ORG""], [51, 58, ""GPE""]]",multi_entity
Mohammed Arif Khan was seen entering Turbhe Warehouse No. 4.,"[[0, 18, ""PERSON""], [37, 59, ""FAC""]]",facility_context
The FIR record showed that Md. Arif Khan had contacted City Cargo Services.,"[[27, 40, ""PERSON""], [55, 74, ""ORG""]]",contrastive_negative
The CCTV records was linked to an incident in Delhi.,"[[46, 51, ""GPE""]]",hard_negative
The bank records showed that R K Sharma had contacted National Freight Corporation.,"[[29, 39, ""PERSON""], [54, 82, ""ORG""]]",contrastive_negative
Police located Sameer Khan near Bandra Kurla Complex.,"[[15, 26, ""PERSON""], [32, 52, ""LOC""]]",multi_entity
Rohan Mehta transferred money to Prime Warehousing from Kochi.,"[[0, 11, ""PERSON""], [33, 50, ""ORG""], [56, 61, ""GPE""]]",multi_entity
Rajiv Bansal met an employee of KS Electronics near Andheri East.,"[[0, 12, ""PERSON""], [32, 46, ""ORG""], [52, 64, ""LOC""]]",multi_entity
Rajiv Bansal worked with Apex Distributors in Kochi.,"[[0, 12, ""PERSON""], [25, 42, ""ORG""], [46, 51, ""GPE""]]",multi_entity
"The CCTV record mentioned S. Iyer, Karan Sethi, and Maharashtra State Bank.","[[26, 33, ""PERSON""], [35, 46, ""PERSON""], [52, 74, ""ORG""]]",complex
The vehicle associated with Suresh Iyer was found near Eastern Express Highway.,"[[28, 39, ""PERSON""], [55, 78, ""LOC""]]",multi_entity
Mohit Chawla was observed outside Maharashtra State Bank in Delhi.,"[[0, 12, ""PERSON""], [34, 56, ""ORG""], [60, 65, ""GPE""]]",multi_entity
The police report mentioned Priya Nair.,"[[28, 38, ""PERSON""]]",hard_negative
The vehicle associated with Vikram Joshi was found near Eastern Express Highway.,"[[28, 40, ""PERSON""], [56, 79, ""LOC""]]",multi_entity
Mohammed Arif Khan transferred money to Metro Logistics Pvt Ltd from Pune.,"[[0, 18, ""PERSON""], [40, 63, ""ORG""], [69, 73, ""GPE""]]",multi_entity
"The CCTV record mentioned Imran Sheikh, Dev Malhotra, and Prime Warehousing.","[[26, 38, ""PERSON""], [40, 52, ""PERSON""], [58, 75, ""ORG""]]",complex
Md. Arif Khan was observed outside Prime Warehousing in Bengaluru.,"[[0, 13, ""PERSON""], [35, 52, ""ORG""], [56, 65, ""GPE""]]",multi_entity
The vehicle associated with S. Iyer was found near Dharavi.,"[[28, 35, ""PERSON""], [51, 58, ""LOC""]]",multi_entity
"According to the Location Surveillance Records, Ravi Deshmukh visited Nova Components in Indore.","[[48, 61, ""PERSON""], [70, 85, ""ORG""], [89, 95, ""GPE""]]",contrastive_negative
The mobile extraction report was linked to an incident in Ahmedabad.,"[[58, 67, ""GPE""]]",hard_negative
The control room log was linked to an incident in Delhi.,"[[50, 55, ""GPE""]]",hard_negative
The case file contained references to M. A. Khan and Apex Distributors.,"[[38, 48, ""PERSON""], [53, 70, ""ORG""]]",contrastive_negative
"Priya Nair transferred funds to BlueLine Transport, while Rohan Mehta contacted Nova Components.","[[0, 10, ""PERSON""], [32, 50, ""ORG""], [58, 69, ""PERSON""], [80, 95, ""ORG""]]",complex
Funds moved from an account linked to Vikram Joshi into National Freight Corporation.,"[[38, 50, ""PERSON""], [56, 84, ""ORG""]]",multi_entity
Funds moved from an account linked to Vikram Joshi into Maharashtra State Bank.,"[[38, 50, ""PERSON""], [56, 78, ""ORG""]]",multi_entity
"According to the FIR, Md. Arif Khan visited KS Electronics in Surat.","[[22, 35, ""PERSON""], [44, 58, ""ORG""], [62, 67, ""GPE""]]",contrastive_negative
S. Iyer met an employee of Nova Components near Powai Lake Road.,"[[0, 7, ""PERSON""], [27, 42, ""ORG""], [48, 63, ""LOC""]]",multi_entity
Suresh Iyer met an employee of Apex Distributors near Bandra Kurla Complex.,"[[0, 11, ""PERSON""], [31, 48, ""ORG""], [54, 74, ""LOC""]]",multi_entity
Investigators compared the Location Surveillance Record with records from BlueLine Transport.,"[[74, 92, ""ORG""]]",contrastive_negative
The police report was linked to an incident in Lucknow.,"[[47, 54, ""GPE""]]",hard_negative
National Freight Corporation was named in the evidence log reviewed by investigators.,"[[0, 28, ""ORG""]]",contrastive_negative
The financial records showed that Ananya Sharma had contacted Maharashtra State Bank.,"[[34, 47, ""PERSON""], [62, 84, ""ORG""]]",contrastive_negative
"According to the FIR, Imran Sheikh visited Prime Warehousing in Hyderabad.","[[22, 34, ""PERSON""], [43, 60, ""ORG""], [64, 73, ""GPE""]]",contrastive_negative
The station diary entry showed that Vikram Joshi had contacted Metro Logistics Pvt Ltd.,"[[36, 48, ""PERSON""], [63, 86, ""ORG""]]",contrastive_negative
Prime Warehousing operates a warehouse in Delhi.,"[[0, 17, ""ORG""], [42, 47, ""GPE""]]",multi_entity
Ananya Sharma was seen entering Vashi Logistics Yard.,"[[0, 13, ""PERSON""], [32, 52, ""FAC""]]",facility_context
The vehicle associated with R K Sharma was found near Powai Lake Road.,"[[28, 38, ""PERSON""], [54, 69, ""LOC""]]",multi_entity
The FIR record mentioned Suresh Iyer.,"[[25, 36, ""PERSON""]]",hard_negative
"The Location Surveillance Record mentioned Suresh Iyer, Rajiv Bansal, and Prime Warehousing.","[[43, 54, ""PERSON""], [56, 68, ""PERSON""], [74, 91, ""ORG""]]",complex
Mohammed Arif Khan worked with National Freight Corporation in Chennai.,"[[0, 18, ""PERSON""], [31, 59, ""ORG""], [63, 70, ""GPE""]]",multi_entity
The suspect travelled from Mumbai to Chennai.,"[[27, 33, ""GPE""], [37, 44, ""GPE""]]",location_context
Investigators compared the case file with records from DM Trading Services.,"[[55, 74, ""ORG""]]",contrastive_negative
National Freight Corporation operates a warehouse in Mumbai.,"[[0, 28, ""ORG""], [53, 59, ""GPE""]]",multi_entity
Sameer Khan met an employee of Shakti Traders near Dharavi.,"[[0, 11, ""PERSON""], [31, 45, ""ORG""], [51, 58, ""LOC""]]",multi_entity
Ravi Deshmukh appeared in the police report.,"[[0, 13, ""PERSON""]]",hard_negative
The vehicle associated with Neeraj Shah was found near Vashi Sector 17.,"[[28, 39, ""PERSON""], [55, 70, ""LOC""]]",multi_entity
DM Trading Services was named in the arrest memo reviewed by investigators.,"[[0, 19, ""ORG""]]",contrastive_negative
Imran Sheikh was seen entering Andheri Commercial Complex.,"[[0, 12, ""PERSON""], [31, 57, ""FAC""]]",facility_context
S. Iyer appeared in the Location Surveillance Record.,"[[0, 7, ""PERSON""]]",hard_negative
The team reviewed the seizure memo before questioning S. Iyer.,"[[54, 61, ""PERSON""]]",hard_negative
The case file was reviewed by the investigating officer.,[],hard_negative
DM Trading Services rented space at Sector 19 Storage Depot.,"[[0, 19, ""ORG""], [36, 59, ""FAC""]]",facility_context
Rajiv Bansal met an employee of Metro Logistics Pvt Ltd near Turbhe Industrial Area.,"[[0, 12, ""PERSON""], [32, 55, ""ORG""], [61, 83, ""LOC""]]",multi_entity
Neeraj Shah and M. A. Khan met representatives of DM Trading Services in Surat.,"[[0, 11, ""PERSON""], [16, 26, ""PERSON""], [50, 69, ""ORG""], [73, 78, ""GPE""]]",complex
The surveillance record was linked to an incident in Lucknow.,"[[53, 60, ""GPE""]]",hard_negative
Vikram Joshi and S. Iyer met representatives of BlueLine Transport in Hyderabad.,"[[0, 12, ""PERSON""], [17, 24, ""PERSON""], [48, 66, ""ORG""], [70, 79, ""GPE""]]",complex
Police searched Sector 19 Storage Depot after receiving information.,"[[16, 39, ""FAC""]]",facility_context
Funds moved from an account linked to Sameer Khan into National Freight Corporation.,"[[38, 49, ""PERSON""], [55, 83, ""ORG""]]",multi_entity
Maharashtra State Bank was named in the Call Detail Records reviewed by investigators.,"[[0, 22, ""ORG""]]",contrastive_negative
Neeraj Shah transferred money to Metro Logistics Pvt Ltd from Bengaluru.,"[[0, 11, ""PERSON""], [33, 56, ""ORG""], [62, 71, ""GPE""]]",multi_entity
Police located Rohan Mehta near Turbhe Industrial Area.,"[[15, 26, ""PERSON""], [32, 54, ""LOC""]]",multi_entity
Entries in the police report were compared with bank transactions.,[],hard_negative
Ananya Sharma appeared in the CCTV records.,"[[0, 13, ""PERSON""]]",hard_negative
Sameer Khan met an employee of City Cargo Services near Dharavi.,"[[0, 11, ""PERSON""], [31, 50, ""ORG""], [56, 63, ""LOC""]]",multi_entity
Neeraj Shah appeared in the CCTV record.,"[[0, 11, ""PERSON""]]",hard_negative
No useful information was found in the Location Surveillance Record.,[],hard_negative
M. A. Khan was observed outside Shakti Traders in Nagpur.,"[[0, 10, ""PERSON""], [32, 46, ""ORG""], [50, 56, ""GPE""]]",multi_entity
Funds moved from an account linked to Vikram Joshi into City Cargo Services.,"[[38, 50, ""PERSON""], [56, 75, ""ORG""]]",multi_entity
"According to the seizure memo, Ananya Sharma visited Nova Components in Nagpur.","[[31, 44, ""PERSON""], [53, 68, ""ORG""], [72, 78, ""GPE""]]",contrastive_negative
A payment was made to DM Trading Services.,"[[22, 41, ""ORG""]]",org_context
The case file showed that Rohan Mehta had contacted Apex Distributors.,"[[26, 37, ""PERSON""], [52, 69, ""ORG""]]",contrastive_negative
Maharashtra State Bank rented space at Bhiwandi Distribution Hub.,"[[0, 22, ""ORG""], [39, 64, ""FAC""]]",facility_context
Karan Sethi was observed outside KS Electronics in Thane.,"[[0, 11, ""PERSON""], [33, 47, ""ORG""], [51, 56, ""GPE""]]",multi_entity
The Call Detail Records mentioned Imran Sheikh.,"[[34, 46, ""PERSON""]]",hard_negative
The team reviewed the mobile extraction report before questioning S. Iyer.,"[[66, 73, ""PERSON""]]",hard_negative
Mohit Chawla was observed outside Apex Distributors in Delhi.,"[[0, 12, ""PERSON""], [34, 51, ""ORG""], [55, 60, ""GPE""]]",multi_entity
The incident report contained references to Mohit Chawla and Maharashtra State Bank.,"[[44, 56, ""PERSON""], [61, 83, ""ORG""]]",contrastive_negative
The mobile extraction report mentioned Mohit Chawla.,"[[39, 51, ""PERSON""]]",hard_negative
R K Sharma travelled from Lucknow to Jaipur with Ayesha Khan.,"[[0, 10, ""PERSON""], [26, 33, ""GPE""], [37, 43, ""GPE""], [49, 60, ""PERSON""]]",complex
"The Call Detail Records mentioned M. A. Khan, Sameer Khan, and DM Trading Services.","[[34, 44, ""PERSON""], [46, 57, ""PERSON""], [63, 82, ""ORG""]]",complex
The CCTV footage mentioned Md. Arif Khan.,"[[27, 40, ""PERSON""]]",hard_negative
The team reviewed the CCTV record before questioning Karan Sethi.,"[[53, 64, ""PERSON""]]",hard_negative
The suspect travelled from Bengaluru to Mumbai.,"[[27, 36, ""GPE""], [40, 46, ""GPE""]]",location_context
The suspect travelled from Hyderabad to Indore.,"[[27, 36, ""GPE""], [40, 46, ""GPE""]]",location_context
The FIR was linked to an incident in Jaipur.,"[[37, 43, ""GPE""]]",hard_negative
A payment was made to Maharashtra State Bank.,"[[22, 44, ""ORG""]]",org_context
The surveillance record was reviewed by the investigating officer.,[],hard_negative
KS Electronics was named in the investigation report reviewed by investigators.,"[[0, 14, ""ORG""]]",contrastive_negative
"According to the CDR records, S. Iyer visited Prime Warehousing in Pune.","[[30, 37, ""PERSON""], [46, 63, ""ORG""], [67, 71, ""GPE""]]",contrastive_negative
"The surveillance records mentioned Mohit Chawla, Sameer Khan, and Metro Logistics Pvt Ltd.","[[35, 47, ""PERSON""], [49, 60, ""PERSON""], [66, 89, ""ORG""]]",complex
R K Sharma worked with Metro Logistics Pvt Ltd in Lucknow.,"[[0, 10, ""PERSON""], [23, 46, ""ORG""], [50, 57, ""GPE""]]",multi_entity
"The FIR record mentioned Karan Sethi, S. Iyer, and Metro Logistics Pvt Ltd.","[[25, 36, ""PERSON""], [38, 45, ""PERSON""], [51, 74, ""ORG""]]",complex
City Cargo Services rented space at Turbhe Warehouse No. 4.,"[[0, 19, ""ORG""], [36, 58, ""FAC""]]",facility_context
"According to the Location Surveillance Records, Rajiv Bansal visited Western Freight Solutions in Kochi.","[[48, 60, ""PERSON""], [69, 94, ""ORG""], [98, 103, ""GPE""]]",contrastive_negative
Imran Sheikh and M. A. Khan met representatives of Nova Components in Pune.,"[[0, 12, ""PERSON""], [17, 27, ""PERSON""], [51, 66, ""ORG""], [70, 74, ""GPE""]]",complex
The consignment was moved through Kochi.,"[[34, 39, ""GPE""]]",location_context
Shakti Traders was named in the CCTV footage reviewed by investigators.,"[[0, 14, ""ORG""]]",contrastive_negative
"Vikram Joshi transferred funds to BlueLine Transport, while Rohan Mehta contacted Maharashtra State Bank.","[[0, 12, ""PERSON""], [34, 52, ""ORG""], [60, 71, ""PERSON""], [82, 104, ""ORG""]]",complex
Western Freight Solutions operates a warehouse in Bengaluru.,"[[0, 25, ""ORG""], [50, 59, ""GPE""]]",multi_entity
Metro Logistics Pvt Ltd was named in the case file reviewed by investigators.,"[[0, 23, ""ORG""]]",contrastive_negative
Investigators compared the surveillance records with records from BlueLine Transport.,"[[66, 84, ""ORG""]]",contrastive_negative
The CCTV record contained references to Arjun Patel and National Freight Corporation.,"[[40, 51, ""PERSON""], [56, 84, ""ORG""]]",contrastive_negative
Funds moved from an account linked to Ananya Sharma into Nova Components.,"[[38, 51, ""PERSON""], [57, 72, ""ORG""]]",multi_entity
Investigators collected the seizure memo for further examination.,[],hard_negative
Mohit Chawla was observed outside Maharashtra State Bank in Jaipur.,"[[0, 12, ""PERSON""], [34, 56, ""ORG""], [60, 66, ""GPE""]]",multi_entity
The forensic report contained references to Ananya Sharma and City Cargo Services.,"[[44, 57, ""PERSON""], [62, 81, ""ORG""]]",contrastive_negative
Metro Logistics Pvt Ltd submitted invoices from its Surat office.,"[[0, 23, ""ORG""], [52, 57, ""GPE""]]",multi_entity
Police located Suresh Iyer near Powai Lake Road.,"[[15, 26, ""PERSON""], [32, 47, ""LOC""]]",multi_entity
"According to the arrest memo, Imran Sheikh visited Prime Warehousing in Chennai.","[[30, 42, ""PERSON""], [51, 68, ""ORG""], [72, 79, ""GPE""]]",contrastive_negative
Funds moved from an account linked to Karan Sethi into BlueLine Transport.,"[[38, 49, ""PERSON""], [55, 73, ""ORG""]]",multi_entity
A payment was made to National Freight Corporation.,"[[22, 50, ""ORG""]]",org_context
The suspect travelled from Jaipur to Lucknow.,"[[27, 33, ""GPE""], [37, 44, ""GPE""]]",location_context
The Case File contained references to Rajiv Bansal and Apex Distributors.,"[[38, 50, ""PERSON""], [55, 72, ""ORG""]]",contrastive_negative
The mobile extraction report showed that Vikram Joshi had contacted City Cargo Services.,"[[41, 53, ""PERSON""], [68, 87, ""ORG""]]",contrastive_negative
"According to the forensic report, Priya Nair visited City Cargo Services in Hyderabad.","[[34, 44, ""PERSON""], [53, 72, ""ORG""], [76, 85, ""GPE""]]",contrastive_negative
A payment was made to Western Freight Solutions.,"[[22, 47, ""ORG""]]",org_context
Vikram Joshi transferred money to City Cargo Services from Kochi.,"[[0, 12, ""PERSON""], [34, 53, ""ORG""], [59, 64, ""GPE""]]",multi_entity
Arjun Patel transferred money to City Cargo Services from Navi Mumbai.,"[[0, 11, ""PERSON""], [33, 52, ""ORG""], [58, 69, ""GPE""]]",multi_entity
"According to the case file, Priya Nair visited National Freight Corporation in Lucknow.","[[28, 38, ""PERSON""], [47, 75, ""ORG""], [79, 86, ""GPE""]]",contrastive_negative
Investigators compared the forensic report with records from Shakti Traders.,"[[61, 75, ""ORG""]]",contrastive_negative
The incident occurred in Delhi.,"[[25, 30, ""GPE""]]",location_context
Funds moved from an account linked to Mohit Chawla into Shakti Traders.,"[[38, 50, ""PERSON""], [56, 70, ""ORG""]]",multi_entity
The incident report contained references to Rajiv Bansal and KS Electronics.,"[[44, 56, ""PERSON""], [61, 75, ""ORG""]]",contrastive_negative
The forensic report showed that Karan Sethi had contacted BlueLine Transport.,"[[32, 43, ""PERSON""], [58, 76, ""ORG""]]",contrastive_negative
Neeraj Shah transferred money to Nova Components from Mumbai.,"[[0, 11, ""PERSON""], [33, 48, ""ORG""], [54, 60, ""GPE""]]",multi_entity
S. Iyer met an employee of Shakti Traders near Dharavi.,"[[0, 7, ""PERSON""], [27, 41, ""ORG""], [47, 54, ""LOC""]]",multi_entity
The vehicle associated with Suresh Iyer was found near Vashi Sector 17.,"[[28, 39, ""PERSON""], [55, 70, ""LOC""]]",multi_entity
Entries in the case file were compared with bank transactions.,[],hard_negative
"The financial records mentioned S. Iyer, Suresh Iyer, and Apex Distributors.","[[32, 39, ""PERSON""], [41, 52, ""PERSON""], [58, 75, ""ORG""]]",complex
Police located Mohammed Arif Khan near Bandra Kurla Complex.,"[[15, 33, ""PERSON""], [39, 59, ""LOC""]]",multi_entity
Investigators traced the shipment from Navi Mumbai to Powai Lake Road.,"[[39, 50, ""GPE""], [54, 69, ""LOC""]]",multi_entity
Neeraj Shah appeared in the forensic report.,"[[0, 11, ""PERSON""]]",hard_negative
A payment was made to City Cargo Services.,"[[22, 41, ""ORG""]]",org_context
Rohan Mehta appeared in the arrest memo.,"[[0, 11, ""PERSON""]]",hard_negative
The investigation report mentioned Ananya Sharma.,"[[35, 48, ""PERSON""]]",hard_negative
The incident report was reviewed by the investigating officer.,[],hard_negative
"The evidence log mentioned Ravi Deshmukh, Neeraj Shah, and KS Electronics.","[[27, 40, ""PERSON""], [42, 53, ""PERSON""], [59, 73, ""ORG""]]",complex
The evidence log was linked to an incident in Jaipur.,"[[46, 52, ""GPE""]]",hard_negative
Priya Nair transferred money to Nova Components from Lucknow.,"[[0, 10, ""PERSON""], [32, 47, ""ORG""], [53, 60, ""GPE""]]",multi_entity
Mohit Chawla appeared in the financial records.,"[[0, 12, ""PERSON""]]",hard_negative
Nova Components was named in the incident report reviewed by investigators.,"[[0, 15, ""ORG""]]",contrastive_negative
The vehicle associated with Rohan Mehta was found near Mumbai-Pune Expressway.,"[[28, 39, ""PERSON""], [55, 77, ""LOC""]]",multi_entity
The CDR records contained references to Karan Sethi and Nova Components.,"[[40, 51, ""PERSON""], [56, 71, ""ORG""]]",contrastive_negative
"Rohan Mehta transferred funds to KS Electronics, while Karan Sethi contacted National Freight Corporation.","[[0, 11, ""PERSON""], [33, 47, ""ORG""], [55, 66, ""PERSON""], [77, 105, ""ORG""]]",complex
Neeraj Shah and Rajiv Bansal met representatives of Prime Warehousing in Jaipur.,"[[0, 11, ""PERSON""], [16, 28, ""PERSON""], [52, 69, ""ORG""], [73, 79, ""GPE""]]",complex
"The FIR mentioned Md. Arif Khan, Ananya Sharma, and Western Freight Solutions.","[[18, 31, ""PERSON""], [33, 46, ""PERSON""], [52, 77, ""ORG""]]",complex
Priya Nair was observed outside Prime Warehousing in Hyderabad.,"[[0, 10, ""PERSON""], [32, 49, ""ORG""], [53, 62, ""GPE""]]",multi_entity
National Freight Corporation maintained an office in Kochi.,"[[0, 28, ""ORG""], [53, 58, ""GPE""]]",org_context
Arjun Patel appeared in the Case File.,"[[0, 11, ""PERSON""]]",hard_negative
Imran Sheikh transferred money to City Cargo Services from Surat.,"[[0, 12, ""PERSON""], [34, 53, ""ORG""], [59, 64, ""GPE""]]",multi_entity
"The investigation report mentioned Vikram Joshi, Neeraj Shah, and Shakti Traders.","[[35, 47, ""PERSON""], [49, 60, ""PERSON""], [66, 80, ""ORG""]]",complex
Sameer Khan and Rajiv Bansal met representatives of City Cargo Services in Surat.,"[[0, 11, ""PERSON""], [16, 28, ""PERSON""], [52, 71, ""ORG""], [75, 80, ""GPE""]]",complex
Prime Warehousing was named in the surveillance records reviewed by investigators.,"[[0, 17, ""ORG""]]",contrastive_negative
Investigators collected the Location Surveillance Record for further examination.,[],hard_negative
The team reviewed the Case File before questioning Md. Arif Khan.,"[[51, 64, ""PERSON""]]",hard_negative
The vehicle associated with S. Iyer was found near Eastern Express Highway.,"[[28, 35, ""PERSON""], [51, 74, ""LOC""]]",multi_entity
The incident report was linked to an incident in Chennai.,"[[49, 56, ""GPE""]]",hard_negative
Maharashtra State Bank was named in the investigation report reviewed by investigators.,"[[0, 22, ""ORG""]]",contrastive_negative
Suresh Iyer appeared in the surveillance record.,"[[0, 11, ""PERSON""]]",hard_negative
Investigators traced the shipment from Jaipur to Eastern Express Highway.,"[[39, 45, ""GPE""], [49, 72, ""LOC""]]",multi_entity
The team reviewed the CDR records before questioning Vikram Joshi.,"[[53, 65, ""PERSON""]]",hard_negative
The investigation report contained references to Rohan Mehta and Western Freight Solutions.,"[[49, 60, ""PERSON""], [65, 90, ""ORG""]]",contrastive_negative
Ravi Deshmukh transferred money to City Cargo Services from Bengaluru.,"[[0, 13, ""PERSON""], [35, 54, ""ORG""], [60, 69, ""GPE""]]",multi_entity
"The surveillance record mentioned M. A. Khan, Dev Malhotra, and Prime Warehousing.","[[34, 44, ""PERSON""], [46, 58, ""PERSON""], [64, 81, ""ORG""]]",complex
Investigators compared the CDR records with records from Apex Distributors.,"[[57, 74, ""ORG""]]",contrastive_negative
The arrest memo contained references to Priya Nair and DM Trading Services.,"[[40, 50, ""PERSON""], [55, 74, ""ORG""]]",contrastive_negative
Shakti Traders submitted invoices from its Lucknow office.,"[[0, 14, ""ORG""], [43, 50, ""GPE""]]",multi_entity
The crime scene report was linked to an incident in Chennai.,"[[52, 59, ""GPE""]]",hard_negative
Apex Distributors was named in the arrest memo reviewed by investigators.,"[[0, 17, ""ORG""]]",contrastive_negative
Neeraj Shah travelled from Ahmedabad to Chennai with Dev Malhotra.,"[[0, 11, ""PERSON""], [27, 36, ""GPE""], [40, 47, ""GPE""], [53, 65, ""PERSON""]]",complex
Imran Sheikh met an employee of Shakti Traders near Mumbai-Pune Expressway.,"[[0, 12, ""PERSON""], [32, 46, ""ORG""], [52, 74, ""LOC""]]",multi_entity
Rohan Mehta and R K Sharma met representatives of National Freight Corporation in Pune.,"[[0, 11, ""PERSON""], [16, 26, ""PERSON""], [50, 78, ""ORG""], [82, 86, ""GPE""]]",complex
The bank records was linked to an incident in Surat.,"[[46, 51, ""GPE""]]",hard_negative
M. A. Khan was seen entering Turbhe Warehouse No. 4.,"[[0, 10, ""PERSON""], [29, 51, ""FAC""]]",facility_context
The team reviewed the case file before questioning Priya Nair.,"[[51, 61, ""PERSON""]]",hard_negative
KS Electronics maintained an office in Mumbai.,"[[0, 14, ""ORG""], [39, 45, ""GPE""]]",org_context
Mohit Chawla was seen entering Bhiwandi Distribution Hub.,"[[0, 12, ""PERSON""], [31, 56, ""FAC""]]",facility_context
No useful information was found in the evidence log.,[],hard_negative
Investigators compared the CCTV records with records from National Freight Corporation.,"[[58, 86, ""ORG""]]",contrastive_negative
The team reviewed the CCTV record before questioning Ayesha Khan.,"[[53, 64, ""PERSON""]]",hard_negative
The vehicle associated with Suresh Iyer was found near Turbhe Industrial Area.,"[[28, 39, ""PERSON""], [55, 77, ""LOC""]]",multi_entity
Imran Sheikh travelled from Ahmedabad to Lucknow with Md. Arif Khan.,"[[0, 12, ""PERSON""], [28, 37, ""GPE""], [41, 48, ""GPE""], [54, 67, ""PERSON""]]",complex
Rajiv Bansal was observed outside BlueLine Transport in Chennai.,"[[0, 12, ""PERSON""], [34, 52, ""ORG""], [56, 63, ""GPE""]]",multi_entity
Investigators compared the incident report with records from DM Trading Services.,"[[61, 80, ""ORG""]]",contrastive_negative
"Ayesha Khan transferred funds to KS Electronics, while Karan Sethi contacted Metro Logistics Pvt Ltd.","[[0, 11, ""PERSON""], [33, 47, ""ORG""], [55, 66, ""PERSON""], [77, 100, ""ORG""]]",complex
Vikram Joshi worked with DM Trading Services in Indore.,"[[0, 12, ""PERSON""], [25, 44, ""ORG""], [48, 54, ""GPE""]]",multi_entity
Mohit Chawla met an employee of Metro Logistics Pvt Ltd near Vashi Sector 17.,"[[0, 12, ""PERSON""], [32, 55, ""ORG""], [61, 76, ""LOC""]]",multi_entity
Investigators collected the vehicle movement record for further examination.,[],hard_negative
The suspect travelled from Mumbai to Pune.,"[[27, 33, ""GPE""], [37, 41, ""GPE""]]",location_context
National Freight Corporation operates a warehouse in Navi Mumbai.,"[[0, 28, ""ORG""], [53, 64, ""GPE""]]",multi_entity
The crime scene report was linked to an incident in Pune.,"[[52, 56, ""GPE""]]",hard_negative
The team reviewed the CDR records before questioning Ravi Deshmukh.,"[[53, 66, ""PERSON""]]",hard_negative
National Freight Corporation was named in the FIR reviewed by investigators.,"[[0, 28, ""ORG""]]",contrastive_negative
The vehicle associated with M. A. Khan was found near Dharavi.,"[[28, 38, ""PERSON""], [54, 61, ""LOC""]]",multi_entity
The team reviewed the Call Detail Records before questioning R K Sharma.,"[[61, 71, ""PERSON""]]",hard_negative
Maharashtra State Bank was named in the witness statement reviewed by investigators.,"[[0, 22, ""ORG""]]",contrastive_negative
Rajiv Bansal appeared in the mobile extraction report.,"[[0, 12, ""PERSON""]]",hard_negative
"According to the forensic report, Rohan Mehta visited Nova Components in Navi Mumbai.","[[34, 45, ""PERSON""], [54, 69, ""ORG""], [73, 84, ""GPE""]]",contrastive_negative
The team reviewed the police report before questioning Sameer Khan.,"[[55, 66, ""PERSON""]]",hard_negative
Neeraj Shah met an employee of Nova Components near Andheri East.,"[[0, 11, ""PERSON""], [31, 46, ""ORG""], [52, 64, ""LOC""]]",multi_entity
Maharashtra State Bank submitted invoices from its Lucknow office.,"[[0, 22, ""ORG""], [51, 58, ""GPE""]]",multi_entity
The evidence log mentioned Karan Sethi.,"[[27, 38, ""PERSON""]]",hard_negative
KS Electronics maintained an office in Thane.,"[[0, 14, ""ORG""], [39, 44, ""GPE""]]",org_context
"According to the FIR, Imran Sheikh visited National Freight Corporation in Bengaluru.","[[22, 34, ""PERSON""], [43, 71, ""ORG""], [75, 84, ""GPE""]]",contrastive_negative
Prime Warehousing operates a warehouse in Navi Mumbai.,"[[0, 17, ""ORG""], [42, 53, ""GPE""]]",multi_entity
Investigators traced the shipment from Jaipur to Thane Creek.,"[[39, 45, ""GPE""], [49, 60, ""LOC""]]",multi_entity
Ravi Deshmukh transferred money to Maharashtra State Bank from Mumbai.,"[[0, 13, ""PERSON""], [35, 57, ""ORG""], [63, 69, ""GPE""]]",multi_entity
The incident occurred in Chennai.,"[[25, 32, ""GPE""]]",location_context
Suresh Iyer was observed outside National Freight Corporation in Hyderabad.,"[[0, 11, ""PERSON""], [33, 61, ""ORG""], [65, 74, ""GPE""]]",multi_entity
The Call Detail Records contained references to M. A. Khan and DM Trading Services.,"[[48, 58, ""PERSON""], [63, 82, ""ORG""]]",contrastive_negative
Ananya Sharma met an employee of Nova Components near Dharavi.,"[[0, 13, ""PERSON""], [33, 48, ""ORG""], [54, 61, ""LOC""]]",multi_entity
Maharashtra State Bank was named in the seizure memo reviewed by investigators.,"[[0, 22, ""ORG""]]",contrastive_negative
Investigators compared the seizure memo with records from BlueLine Transport.,"[[58, 76, ""ORG""]]",contrastive_negative
The vehicle movement record showed that Priya Nair had contacted National Freight Corporation.,"[[40, 50, ""PERSON""], [65, 93, ""ORG""]]",contrastive_negative
The FIR record contained references to Karan Sethi and BlueLine Transport.,"[[39, 50, ""PERSON""], [55, 73, ""ORG""]]",contrastive_negative
The FIR record mentioned Sameer Khan.,"[[25, 36, ""PERSON""]]",hard_negative
Prime Warehousing maintained an office in Chennai.,"[[0, 17, ""ORG""], [42, 49, ""GPE""]]",org_context
Suresh Iyer appeared in the vehicle movement record.,"[[0, 11, ""PERSON""]]",hard_negative
"According to the CCTV record, Dev Malhotra visited Nova Components in Hyderabad.","[[30, 42, ""PERSON""], [51, 66, ""ORG""], [70, 79, ""GPE""]]",contrastive_negative
R K Sharma appeared in the Call Detail Records.,"[[0, 10, ""PERSON""]]",hard_negative
Priya Nair transferred money to City Cargo Services from Bengaluru.,"[[0, 10, ""PERSON""], [32, 51, ""ORG""], [57, 66, ""GPE""]]",multi_entity
Vikram Joshi was observed outside Western Freight Solutions in Chennai.,"[[0, 12, ""PERSON""], [34, 59, ""ORG""], [63, 70, ""GPE""]]",multi_entity
Rajiv Bansal travelled from Navi Mumbai to Delhi with Ananya Sharma.,"[[0, 12, ""PERSON""], [28, 39, ""GPE""], [43, 48, ""GPE""], [54, 67, ""PERSON""]]",complex
The seizure memo showed that Karan Sethi had contacted Western Freight Solutions.,"[[29, 40, ""PERSON""], [55, 80, ""ORG""]]",contrastive_negative
"According to the station diary entry, M. A. Khan visited BlueLine Transport in Delhi.","[[38, 48, ""PERSON""], [57, 75, ""ORG""], [79, 84, ""GPE""]]",contrastive_negative
Md. Arif Khan and Rohan Mehta met representatives of Nova Components in Pune.,"[[0, 13, ""PERSON""], [18, 29, ""PERSON""], [53, 68, ""ORG""], [72, 76, ""GPE""]]",complex
The vehicle associated with R K Sharma was found near Turbhe Industrial Area.,"[[28, 38, ""PERSON""], [54, 76, ""LOC""]]",multi_entity
Investigators traced the shipment from Bengaluru to Nhava Sheva Port Area.,"[[39, 48, ""GPE""], [52, 73, ""LOC""]]",multi_entity
Rajiv Bansal met an employee of Metro Logistics Pvt Ltd near Vashi Sector 17.,"[[0, 12, ""PERSON""], [32, 55, ""ORG""], [61, 76, ""LOC""]]",multi_entity
The CCTV footage contained references to Ayesha Khan and BlueLine Transport.,"[[41, 52, ""PERSON""], [57, 75, ""ORG""]]",contrastive_negative
Maharashtra State Bank submitted invoices from its Jaipur office.,"[[0, 22, ""ORG""], [51, 57, ""GPE""]]",multi_entity
"Vikram Joshi transferred funds to Prime Warehousing, while Ravi Deshmukh contacted Western Freight Solutions.","[[0, 12, ""PERSON""], [34, 51, ""ORG""], [59, 72, ""PERSON""], [83, 108, ""ORG""]]",complex
The incident occurred in Thane.,"[[25, 30, ""GPE""]]",location_context
Imran Sheikh appeared in the seizure memo.,"[[0, 12, ""PERSON""]]",hard_negative
Ananya Sharma travelled from Pune to Mumbai with R K Sharma.,"[[0, 13, ""PERSON""], [29, 33, ""GPE""], [37, 43, ""GPE""], [49, 59, ""PERSON""]]",complex
"The station diary entry mentioned M. A. Khan, Arjun Patel, and Prime Warehousing.","[[34, 44, ""PERSON""], [46, 57, ""PERSON""], [63, 80, ""ORG""]]",complex
The team reviewed the surveillance records before questioning Rohan Mehta.,"[[62, 73, ""PERSON""]]",hard_negative
The team reviewed the control room log before questioning Arjun Patel.,"[[58, 69, ""PERSON""]]",hard_negative
Police located Karan Sethi near Andheri East.,"[[15, 26, ""PERSON""], [32, 44, ""LOC""]]",multi_entity
Dev Malhotra travelled from Lucknow to Surat with Neeraj Shah.,"[[0, 12, ""PERSON""], [28, 35, ""GPE""], [39, 44, ""GPE""], [50, 61, ""PERSON""]]",complex
Western Freight Solutions operates a warehouse in Pune.,"[[0, 25, ""ORG""], [50, 54, ""GPE""]]",multi_entity
"According to the incident report, Mohammed Arif Khan visited National Freight Corporation in Nagpur.","[[34, 52, ""PERSON""], [61, 89, ""ORG""], [93, 99, ""GPE""]]",contrastive_negative
The bank records contained references to M. A. Khan and KS Electronics.,"[[41, 51, ""PERSON""], [56, 70, ""ORG""]]",contrastive_negative
The team reviewed the forensic report before questioning Rohan Mehta.,"[[57, 68, ""PERSON""]]",hard_negative
The seizure memo was reviewed by the investigating officer.,[],hard_negative
The suspect travelled from Thane to Navi Mumbai.,"[[27, 32, ""GPE""], [36, 47, ""GPE""]]",location_context
M. A. Khan met an employee of Western Freight Solutions near Vashi Sector 17.,"[[0, 10, ""PERSON""], [30, 55, ""ORG""], [61, 76, ""LOC""]]",multi_entity
Apex Distributors was named in the vehicle movement record reviewed by investigators.,"[[0, 17, ""ORG""]]",contrastive_negative
The bank records showed that Arjun Patel had contacted KS Electronics.,"[[29, 40, ""PERSON""], [55, 69, ""ORG""]]",contrastive_negative
Investigators traced the shipment from Kochi to Nhava Sheva Port Area.,"[[39, 44, ""GPE""], [48, 69, ""LOC""]]",multi_entity
S. Iyer transferred money to Shakti Traders from Navi Mumbai.,"[[0, 7, ""PERSON""], [29, 43, ""ORG""], [49, 60, ""GPE""]]",multi_entity
Ayesha Khan and Ananya Sharma met representatives of Metro Logistics Pvt Ltd in Thane.,"[[0, 11, ""PERSON""], [16, 29, ""PERSON""], [53, 76, ""ORG""], [80, 85, ""GPE""]]",complex
Ravi Deshmukh was observed outside Prime Warehousing in Thane.,"[[0, 13, ""PERSON""], [35, 52, ""ORG""], [56, 61, ""GPE""]]",multi_entity
The vehicle associated with Mohit Chawla was found near Powai Lake Road.,"[[28, 40, ""PERSON""], [56, 71, ""LOC""]]",multi_entity
The seizure memo contained references to Arjun Patel and National Freight Corporation.,"[[41, 52, ""PERSON""], [57, 85, ""ORG""]]",contrastive_negative
"According to the FIR, Karan Sethi visited City Cargo Services in Mumbai.","[[22, 33, ""PERSON""], [42, 61, ""ORG""], [65, 71, ""GPE""]]",contrastive_negative
"The CCTV record mentioned Mohammed Arif Khan, Priya Nair, and DM Trading Services.","[[26, 44, ""PERSON""], [46, 56, ""PERSON""], [62, 81, ""ORG""]]",complex
"Suresh Iyer transferred funds to Maharashtra State Bank, while Imran Sheikh contacted City Cargo Services.","[[0, 11, ""PERSON""], [33, 55, ""ORG""], [63, 75, ""PERSON""], [86, 105, ""ORG""]]",complex
The surveillance records showed that Dev Malhotra had contacted Western Freight Solutions.,"[[37, 49, ""PERSON""], [64, 89, ""ORG""]]",contrastive_negative
Vikram Joshi met an employee of Apex Distributors near Mumbai-Pune Expressway.,"[[0, 12, ""PERSON""], [32, 49, ""ORG""], [55, 77, ""LOC""]]",multi_entity
Investigators compared the arrest memo with records from Shakti Traders.,"[[57, 71, ""ORG""]]",contrastive_negative
Records from Nova Components were collected by police.,"[[13, 28, ""ORG""]]",org_context
Arjun Patel met an employee of Western Freight Solutions near Vashi Sector 17.,"[[0, 11, ""PERSON""], [31, 56, ""ORG""], [62, 77, ""LOC""]]",multi_entity
"The Call Detail Records mentioned Arjun Patel, Rajiv Bansal, and Nova Components.","[[34, 45, ""PERSON""], [47, 59, ""PERSON""], [65, 80, ""ORG""]]",complex
Metro Logistics Pvt Ltd was named in the forensic report reviewed by investigators.,"[[0, 23, ""ORG""]]",contrastive_negative
The CCTV footage mentioned Ravi Deshmukh.,"[[27, 40, ""PERSON""]]",hard_negative
Ravi Deshmukh met an employee of Apex Distributors near Powai Lake Road.,"[[0, 13, ""PERSON""], [33, 50, ""ORG""], [56, 71, ""LOC""]]",multi_entity
Neeraj Shah transferred money to Prime Warehousing from Navi Mumbai.,"[[0, 11, ""PERSON""], [33, 50, ""ORG""], [56, 67, ""GPE""]]",multi_entity
No useful information was found in the incident report.,[],hard_negative
Police located M. A. Khan near Powai Lake Road.,"[[15, 25, ""PERSON""], [31, 46, ""LOC""]]",multi_entity
National Freight Corporation operates a warehouse in Kochi.,"[[0, 28, ""ORG""], [53, 58, ""GPE""]]",multi_entity
Western Freight Solutions rented space at Vashi Logistics Yard.,"[[0, 25, ""ORG""], [42, 62, ""FAC""]]",facility_context
Nova Components was named in the arrest memo reviewed by investigators.,"[[0, 15, ""ORG""]]",contrastive_negative
"The CCTV record mentioned Md. Arif Khan, Mohammed Arif Khan, and Metro Logistics Pvt Ltd.","[[26, 39, ""PERSON""], [41, 59, ""PERSON""], [65, 88, ""ORG""]]",complex
Maharashtra State Bank was named in the Location Surveillance Record reviewed by investigators.,"[[0, 22, ""ORG""]]",contrastive_negative
Investigators traced the shipment from Thane to Vashi Sector 17.,"[[39, 44, ""GPE""], [48, 63, ""LOC""]]",multi_entity
Sameer Khan met an employee of Metro Logistics Pvt Ltd near Vashi Sector 17.,"[[0, 11, ""PERSON""], [31, 54, ""ORG""], [60, 75, ""LOC""]]",multi_entity
The Call Detail Records showed that Ravi Deshmukh had contacted Western Freight Solutions.,"[[36, 49, ""PERSON""], [64, 89, ""ORG""]]",contrastive_negative
R K Sharma appeared in the witness statement.,"[[0, 10, ""PERSON""]]",hard_negative
Priya Nair met an employee of Maharashtra State Bank near Eastern Express Highway.,"[[0, 10, ""PERSON""], [30, 52, ""ORG""], [58, 81, ""LOC""]]",multi_entity
Western Freight Solutions operates a warehouse in Jaipur.,"[[0, 25, ""ORG""], [50, 56, ""GPE""]]",multi_entity
"Arjun Patel transferred funds to BlueLine Transport, while M. A. Khan contacted DM Trading Services.","[[0, 11, ""PERSON""], [33, 51, ""ORG""], [59, 69, ""PERSON""], [80, 99, ""ORG""]]",complex
Sameer Khan worked with Shakti Traders in Bengaluru.,"[[0, 11, ""PERSON""], [24, 38, ""ORG""], [42, 51, ""GPE""]]",multi_entity
M. A. Khan and Arjun Patel met representatives of National Freight Corporation in Surat.,"[[0, 10, ""PERSON""], [15, 26, ""PERSON""], [50, 78, ""ORG""], [82, 87, ""GPE""]]",complex
Mohit Chawla was observed outside Western Freight Solutions in Bengaluru.,"[[0, 12, ""PERSON""], [34, 59, ""ORG""], [63, 72, ""GPE""]]",multi_entity
Suresh Iyer worked with KS Electronics in Chennai.,"[[0, 11, ""PERSON""], [24, 38, ""ORG""], [42, 49, ""GPE""]]",multi_entity
The control room log mentioned Rohan Mehta.,"[[31, 42, ""PERSON""]]",hard_negative
"According to the police report, Rohan Mehta visited Shakti Traders in Chennai.","[[32, 43, ""PERSON""], [52, 66, ""ORG""], [70, 77, ""GPE""]]",contrastive_negative
Metro Logistics Pvt Ltd rented space at Turbhe Warehouse No. 4.,"[[0, 23, ""ORG""], [40, 62, ""FAC""]]",facility_context
The directors of DM Trading Services were questioned.,"[[17, 36, ""ORG""]]",org_context
"The CCTV record mentioned Priya Nair, M. A. Khan, and National Freight Corporation.","[[26, 36, ""PERSON""], [38, 48, ""PERSON""], [54, 82, ""ORG""]]",complex
Nova Components submitted invoices from its Mumbai office.,"[[0, 15, ""ORG""], [44, 50, ""GPE""]]",multi_entity
The team reviewed the Case File before questioning Mohit Chawla.,"[[51, 63, ""PERSON""]]",hard_negative
Sameer Khan travelled from Surat to Thane with Suresh Iyer.,"[[0, 11, ""PERSON""], [27, 32, ""GPE""], [36, 41, ""GPE""], [47, 58, ""PERSON""]]",complex
The team reviewed the CCTV records before questioning Dev Malhotra.,"[[54, 66, ""PERSON""]]",hard_negative
"According to the police report, Rajiv Bansal visited KS Electronics in Bengaluru.","[[32, 44, ""PERSON""], [53, 67, ""ORG""], [71, 80, ""GPE""]]",contrastive_negative
The vehicle associated with Rajiv Bansal was found near Mumbai-Pune Expressway.,"[[28, 40, ""PERSON""], [56, 78, ""LOC""]]",multi_entity
Investigators compared the station diary entry with records from BlueLine Transport.,"[[65, 83, ""ORG""]]",contrastive_negative
The directors of City Cargo Services were questioned.,"[[17, 36, ""ORG""]]",org_context
Mohit Chawla was observed outside Metro Logistics Pvt Ltd in Jaipur.,"[[0, 12, ""PERSON""], [34, 57, ""ORG""], [61, 67, ""GPE""]]",multi_entity
Md. Arif Khan and Ayesha Khan met representatives of Metro Logistics Pvt Ltd in Pune.,"[[0, 13, ""PERSON""], [18, 29, ""PERSON""], [53, 76, ""ORG""], [80, 84, ""GPE""]]",complex
Funds moved from an account linked to Imran Sheikh into Prime Warehousing.,"[[38, 50, ""PERSON""], [56, 73, ""ORG""]]",multi_entity
Shakti Traders submitted invoices from its Pune office.,"[[0, 14, ""ORG""], [43, 47, ""GPE""]]",multi_entity
DM Trading Services submitted invoices from its Kochi office.,"[[0, 19, ""ORG""], [48, 53, ""GPE""]]",multi_entity
Investigators compared the station diary entry with records from KS Electronics.,"[[65, 79, ""ORG""]]",contrastive_negative
The vehicle associated with Priya Nair was found near Nhava Sheva Port Area.,"[[28, 38, ""PERSON""], [54, 75, ""LOC""]]",multi_entity
The vehicle was located near Vashi Sector 17.,"[[29, 44, ""LOC""]]",location_context
The consignment was moved through Thane.,"[[34, 39, ""GPE""]]",location_context
Prime Warehousing submitted invoices from its Surat office.,"[[0, 17, ""ORG""], [46, 51, ""GPE""]]",multi_entity
A payment was made to BlueLine Transport.,"[[22, 40, ""ORG""]]",org_context
Priya Nair appeared in the mobile extraction report.,"[[0, 10, ""PERSON""]]",hard_negative
Mohit Chawla worked with Apex Distributors in Navi Mumbai.,"[[0, 12, ""PERSON""], [25, 42, ""ORG""], [46, 57, ""GPE""]]",multi_entity
"According to the arrest memo, R K Sharma visited Nova Components in Bengaluru.","[[30, 40, ""PERSON""], [49, 64, ""ORG""], [68, 77, ""GPE""]]",contrastive_negative
The suspect travelled from Chennai to Surat.,"[[27, 34, ""GPE""], [38, 43, ""GPE""]]",location_context
Ananya Sharma transferred money to DM Trading Services from Mumbai.,"[[0, 13, ""PERSON""], [35, 54, ""ORG""], [60, 66, ""GPE""]]",multi_entity
Shakti Traders submitted invoices from its Indore office.,"[[0, 14, ""ORG""], [43, 49, ""GPE""]]",multi_entity
Sameer Khan worked with Metro Logistics Pvt Ltd in Pune.,"[[0, 11, ""PERSON""], [24, 47, ""ORG""], [51, 55, ""GPE""]]",multi_entity
Investigators traced the shipment from Kochi to Turbhe Industrial Area.,"[[39, 44, ""GPE""], [48, 70, ""LOC""]]",multi_entity
"According to the case file, Suresh Iyer visited Prime Warehousing in Surat.","[[28, 39, ""PERSON""], [48, 65, ""ORG""], [69, 74, ""GPE""]]",contrastive_negative
Funds moved from an account linked to Ananya Sharma into DM Trading Services.,"[[38, 51, ""PERSON""], [57, 76, ""ORG""]]",multi_entity
The investigation report showed that M. A. Khan had contacted Shakti Traders.,"[[37, 47, ""PERSON""], [62, 76, ""ORG""]]",contrastive_negative
Rajiv Bansal transferred money to DM Trading Services from Mumbai.,"[[0, 12, ""PERSON""], [34, 53, ""ORG""], [59, 65, ""GPE""]]",multi_entity
R K Sharma met an employee of City Cargo Services near Powai Lake Road.,"[[0, 10, ""PERSON""], [30, 49, ""ORG""], [55, 70, ""LOC""]]",multi_entity
Funds moved from an account linked to Md. Arif Khan into Metro Logistics Pvt Ltd.,"[[38, 51, ""PERSON""], [57, 80, ""ORG""]]",multi_entity
Imran Sheikh transferred money to National Freight Corporation from Pune.,"[[0, 12, ""PERSON""], [34, 62, ""ORG""], [68, 72, ""GPE""]]",multi_entity
Funds moved from an account linked to Sameer Khan into Apex Distributors.,"[[38, 49, ""PERSON""], [55, 72, ""ORG""]]",multi_entity
DM Trading Services submitted invoices from its Hyderabad office.,"[[0, 19, ""ORG""], [48, 57, ""GPE""]]",multi_entity
Arjun Patel worked with Apex Distributors in Pune.,"[[0, 11, ""PERSON""], [24, 41, ""ORG""], [45, 49, ""GPE""]]",multi_entity
Shakti Traders rented space at Sector 19 Storage Depot.,"[[0, 14, ""ORG""], [31, 54, ""FAC""]]",facility_context
Mohit Chawla worked with BlueLine Transport in Jaipur.,"[[0, 12, ""PERSON""], [25, 43, ""ORG""], [47, 53, ""GPE""]]",multi_entity
City Cargo Services operates a warehouse in Indore.,"[[0, 19, ""ORG""], [44, 50, ""GPE""]]",multi_entity
Mohit Chawla and Rohan Mehta met representatives of Nova Components in Bengaluru.,"[[0, 12, ""PERSON""], [17, 28, ""PERSON""], [52, 67, ""ORG""], [71, 80, ""GPE""]]",complex
"The evidence log mentioned Karan Sethi, Ravi Deshmukh, and Nova Components.","[[27, 38, ""PERSON""], [40, 53, ""PERSON""], [59, 74, ""ORG""]]",complex
The incident report contained references to Karan Sethi and Prime Warehousing.,"[[44, 55, ""PERSON""], [60, 77, ""ORG""]]",contrastive_negative
Records from Apex Distributors were collected by police.,"[[13, 30, ""ORG""]]",org_context
The surveillance record contained references to S. Iyer and Nova Components.,"[[48, 55, ""PERSON""], [60, 75, ""ORG""]]",contrastive_negative
The Call Detail Records was linked to an incident in Delhi.,"[[53, 58, ""GPE""]]",hard_negative
"Ravi Deshmukh transferred funds to Metro Logistics Pvt Ltd, while Priya Nair contacted Apex Distributors.","[[0, 13, ""PERSON""], [35, 58, ""ORG""], [66, 76, ""PERSON""], [87, 104, ""ORG""]]",complex
Shakti Traders maintained an office in Kochi.,"[[0, 14, ""ORG""], [39, 44, ""GPE""]]",org_context
"According to the mobile extraction report, Imran Sheikh visited Western Freight Solutions in Navi Mumbai.","[[43, 55, ""PERSON""], [64, 89, ""ORG""], [93, 104, ""GPE""]]",contrastive_negative
Police located S. Iyer near Turbhe Industrial Area.,"[[15, 22, ""PERSON""], [28, 50, ""LOC""]]",multi_entity
Prime Warehousing rented space at Bhiwandi Distribution Hub.,"[[0, 17, ""ORG""], [34, 59, ""FAC""]]",facility_context
The team reviewed the CCTV record before questioning Mohit Chawla.,"[[53, 65, ""PERSON""]]",hard_negative
DM Trading Services operates a warehouse in Pune.,"[[0, 19, ""ORG""], [44, 48, ""GPE""]]",multi_entity
Funds moved from an account linked to Ananya Sharma into Prime Warehousing.,"[[38, 51, ""PERSON""], [57, 74, ""ORG""]]",multi_entity
Sameer Khan met an employee of Nova Components near Nhava Sheva Port Area.,"[[0, 11, ""PERSON""], [31, 46, ""ORG""], [52, 73, ""LOC""]]",multi_entity
Metro Logistics Pvt Ltd operates a warehouse in Thane.,"[[0, 23, ""ORG""], [48, 53, ""GPE""]]",multi_entity
Police located Ravi Deshmukh near Andheri East.,"[[15, 28, ""PERSON""], [34, 46, ""LOC""]]",multi_entity
The Case File showed that Ananya Sharma had contacted National Freight Corporation.,"[[26, 39, ""PERSON""], [54, 82, ""ORG""]]",contrastive_negative
The FIR record contained references to Sameer Khan and Shakti Traders.,"[[39, 50, ""PERSON""], [55, 69, ""ORG""]]",contrastive_negative
The forensic report contained references to Ananya Sharma and Metro Logistics Pvt Ltd.,"[[44, 57, ""PERSON""], [62, 85, ""ORG""]]",contrastive_negative
M. A. Khan worked with National Freight Corporation in Pune.,"[[0, 10, ""PERSON""], [23, 51, ""ORG""], [55, 59, ""GPE""]]",multi_entity
Ayesha Khan appeared in the bank records.,"[[0, 11, ""PERSON""]]",hard_negative
Priya Nair travelled from Indore to Ahmedabad with Suresh Iyer.,"[[0, 10, ""PERSON""], [26, 32, ""GPE""], [36, 45, ""GPE""], [51, 62, ""PERSON""]]",complex
The Call Detail Records contained references to Imran Sheikh and Apex Distributors.,"[[48, 60, ""PERSON""], [65, 82, ""ORG""]]",contrastive_negative
KS Electronics maintained an office in Jaipur.,"[[0, 14, ""ORG""], [39, 45, ""GPE""]]",org_context
Neeraj Shah and Dev Malhotra met representatives of Western Freight Solutions in Mumbai.,"[[0, 11, ""PERSON""], [16, 28, ""PERSON""], [52, 77, ""ORG""], [81, 87, ""GPE""]]",complex
City Cargo Services operates a warehouse in Hyderabad.,"[[0, 19, ""ORG""], [44, 53, ""GPE""]]",multi_entity
Maharashtra State Bank submitted invoices from its Nagpur office.,"[[0, 22, ""ORG""], [51, 57, ""GPE""]]",multi_entity
Funds moved from an account linked to Imran Sheikh into Nova Components.,"[[38, 50, ""PERSON""], [56, 71, ""ORG""]]",multi_entity
Police located Arjun Patel near Eastern Express Highway.,"[[15, 26, ""PERSON""], [32, 55, ""LOC""]]",multi_entity
Rohan Mehta and Dev Malhotra met representatives of Metro Logistics Pvt Ltd in Pune.,"[[0, 11, ""PERSON""], [16, 28, ""PERSON""], [52, 75, ""ORG""], [79, 83, ""GPE""]]",complex
The vehicle movement record showed that Rohan Mehta had contacted National Freight Corporation.,"[[40, 51, ""PERSON""], [66, 94, ""ORG""]]",contrastive_negative
The Location Surveillance Records was reviewed by the investigating officer.,[],hard_negative
The witness statement contained references to Md. Arif Khan and Apex Distributors.,"[[46, 59, ""PERSON""], [64, 81, ""ORG""]]",contrastive_negative
The suspect travelled from Delhi to Jaipur.,"[[27, 32, ""GPE""], [36, 42, ""GPE""]]",location_context
The consignment was moved through Surat.,"[[34, 39, ""GPE""]]",location_context
Investigators traced the shipment from Indore to Eastern Express Highway.,"[[39, 45, ""GPE""], [49, 72, ""LOC""]]",multi_entity
"S. Iyer transferred funds to Metro Logistics Pvt Ltd, while Suresh Iyer contacted DM Trading Services.","[[0, 7, ""PERSON""], [29, 52, ""ORG""], [60, 71, ""PERSON""], [82, 101, ""ORG""]]",complex
The witness statement was linked to an incident in Mumbai.,"[[51, 57, ""GPE""]]",hard_negative
Sameer Khan met an employee of Prime Warehousing near Andheri East.,"[[0, 11, ""PERSON""], [31, 48, ""ORG""], [54, 66, ""LOC""]]",multi_entity
Apex Distributors submitted invoices from its Bengaluru office.,"[[0, 17, ""ORG""], [46, 55, ""GPE""]]",multi_entity
Funds moved from an account linked to Rohan Mehta into BlueLine Transport.,"[[38, 49, ""PERSON""], [55, 73, ""ORG""]]",multi_entity
"The CCTV footage mentioned Vikram Joshi, Rohan Mehta, and KS Electronics.","[[27, 39, ""PERSON""], [41, 52, ""PERSON""], [58, 72, ""ORG""]]",complex
Funds moved from an account linked to M. A. Khan into DM Trading Services.,"[[38, 48, ""PERSON""], [54, 73, ""ORG""]]",multi_entity
Investigators traced the shipment from Hyderabad to Powai Lake Road.,"[[39, 48, ""GPE""], [52, 67, ""LOC""]]",multi_entity
The station diary entry contained references to Sameer Khan and Shakti Traders.,"[[48, 59, ""PERSON""], [64, 78, ""ORG""]]",contrastive_negative
Maharashtra State Bank operates a warehouse in Indore.,"[[0, 22, ""ORG""], [47, 53, ""GPE""]]",multi_entity
Mohit Chawla transferred money to Shakti Traders from Navi Mumbai.,"[[0, 12, ""PERSON""], [34, 48, ""ORG""], [54, 65, ""GPE""]]",multi_entity
The vehicle associated with Arjun Patel was found near Thane Creek.,"[[28, 39, ""PERSON""], [55, 66, ""LOC""]]",multi_entity
The team reviewed the Location Surveillance Records before questioning Ananya Sharma.,"[[71, 84, ""PERSON""]]",hard_negative
Funds moved from an account linked to Arjun Patel into Metro Logistics Pvt Ltd.,"[[38, 49, ""PERSON""], [55, 78, ""ORG""]]",multi_entity
Mohit Chawla was observed outside Metro Logistics Pvt Ltd in Surat.,"[[0, 12, ""PERSON""], [34, 57, ""ORG""], [61, 66, ""GPE""]]",multi_entity
Entries in the seizure memo were compared with bank transactions.,[],hard_negative
The seizure memo contained references to S. Iyer and Nova Components.,"[[41, 48, ""PERSON""], [53, 68, ""ORG""]]",contrastive_negative
The witness statement mentioned Sameer Khan.,"[[32, 43, ""PERSON""]]",hard_negative
The FIR record contained references to Neeraj Shah and Prime Warehousing.,"[[39, 50, ""PERSON""], [55, 72, ""ORG""]]",contrastive_negative
The FIR was linked to an incident in Pune.,"[[37, 41, ""GPE""]]",hard_negative
No useful information was found in the CCTV footage.,[],hard_negative
No useful information was found in the police report.,[],hard_negative
"The FIR mentioned M. A. Khan, Md. Arif Khan, and City Cargo Services.","[[18, 28, ""PERSON""], [30, 43, ""PERSON""], [49, 68, ""ORG""]]",complex
The CCTV footage mentioned M. A. Khan.,"[[27, 37, ""PERSON""]]",hard_negative
Entries in the control room log were compared with bank transactions.,[],hard_negative
Rohan Mehta met an employee of Shakti Traders near Powai Lake Road.,"[[0, 11, ""PERSON""], [31, 45, ""ORG""], [51, 66, ""LOC""]]",multi_entity
Investigators compared the case file with records from Apex Distributors.,"[[55, 72, ""ORG""]]",contrastive_negative
The investigation report showed that Ravi Deshmukh had contacted Apex Distributors.,"[[37, 50, ""PERSON""], [65, 82, ""ORG""]]",contrastive_negative
Investigators traced the shipment from Navi Mumbai to Dharavi.,"[[39, 50, ""GPE""], [54, 61, ""LOC""]]",multi_entity
The control room log contained references to R K Sharma and Shakti Traders.,"[[45, 55, ""PERSON""], [60, 74, ""ORG""]]",contrastive_negative
The FIR contained references to Rohan Mehta and Prime Warehousing.,"[[32, 43, ""PERSON""], [48, 65, ""ORG""]]",contrastive_negative
The vehicle associated with Ananya Sharma was found near Eastern Express Highway.,"[[28, 41, ""PERSON""], [57, 80, ""LOC""]]",multi_entity
BlueLine Transport rented space at Bhiwandi Distribution Hub.,"[[0, 18, ""ORG""], [35, 60, ""FAC""]]",facility_context
Funds moved from an account linked to M. A. Khan into Maharashtra State Bank.,"[[38, 48, ""PERSON""], [54, 76, ""ORG""]]",multi_entity
Investigators traced the shipment from Lucknow to Andheri East.,"[[39, 46, ""GPE""], [50, 62, ""LOC""]]",multi_entity
Ravi Deshmukh appeared in the vehicle movement record.,"[[0, 13, ""PERSON""]]",hard_negative
"The control room log mentioned Ayesha Khan, Suresh Iyer, and Metro Logistics Pvt Ltd.","[[31, 42, ""PERSON""], [44, 55, ""PERSON""], [61, 84, ""ORG""]]",complex
Shakti Traders maintained an office in Indore.,"[[0, 14, ""ORG""], [39, 45, ""GPE""]]",org_context
BlueLine Transport supplied invoices to investigators.,"[[0, 18, ""ORG""]]",org_context
The control room log showed that Md. Arif Khan had contacted Metro Logistics Pvt Ltd.,"[[33, 46, ""PERSON""], [61, 84, ""ORG""]]",contrastive_negative
"The CCTV record mentioned Arjun Patel, R K Sharma, and BlueLine Transport.","[[26, 37, ""PERSON""], [39, 49, ""PERSON""], [55, 73, ""ORG""]]",complex
Rajiv Bansal met an employee of BlueLine Transport near Andheri East.,"[[0, 12, ""PERSON""], [32, 50, ""ORG""], [56, 68, ""LOC""]]",multi_entity
The Call Detail Records was linked to an incident in Chennai.,"[[53, 60, ""GPE""]]",hard_negative
Officers searched the area around Mumbai-Pune Expressway.,"[[34, 56, ""LOC""]]",location_context
Investigators collected the bank records for further examination.,[],hard_negative
The bank records was reviewed by the investigating officer.,[],hard_negative
The crime scene report contained references to M. A. Khan and Shakti Traders.,"[[47, 57, ""PERSON""], [62, 76, ""ORG""]]",contrastive_negative
The incident report showed that Neeraj Shah had contacted Nova Components.,"[[32, 43, ""PERSON""], [58, 73, ""ORG""]]",contrastive_negative
Entries in the incident report were compared with bank transactions.,[],hard_negative
The suspect travelled from Bengaluru to Chennai.,"[[27, 36, ""GPE""], [40, 47, ""GPE""]]",location_context
The Location Surveillance Record showed that Neeraj Shah had contacted Apex Distributors.,"[[45, 56, ""PERSON""], [71, 88, ""ORG""]]",contrastive_negative
Investigators traced the shipment from Nagpur to Thane Creek.,"[[39, 45, ""GPE""], [49, 60, ""LOC""]]",multi_entity
The team reviewed the incident report before questioning M. A. Khan.,"[[57, 67, ""PERSON""]]",hard_negative
The control room log was linked to an incident in Navi Mumbai.,"[[50, 61, ""GPE""]]",hard_negative
S. Iyer travelled from Bengaluru to Jaipur with Rajiv Bansal.,"[[0, 7, ""PERSON""], [23, 32, ""GPE""], [36, 42, ""GPE""], [48, 60, ""PERSON""]]",complex
The CCTV footage was linked to an incident in Kochi.,"[[46, 51, ""GPE""]]",hard_negative
"S. Iyer transferred funds to Western Freight Solutions, while Ayesha Khan contacted DM Trading Services.","[[0, 7, ""PERSON""], [29, 54, ""ORG""], [62, 73, ""PERSON""], [84, 103, ""ORG""]]",complex
Rohan Mehta worked with Metro Logistics Pvt Ltd in Navi Mumbai.,"[[0, 11, ""PERSON""], [24, 47, ""ORG""], [51, 62, ""GPE""]]",multi_entity
The investigation report mentioned Vikram Joshi.,"[[35, 47, ""PERSON""]]",hard_negative
BlueLine Transport operates a warehouse in Mumbai.,"[[0, 18, ""ORG""], [43, 49, ""GPE""]]",multi_entity
Funds moved from an account linked to Suresh Iyer into Metro Logistics Pvt Ltd.,"[[38, 49, ""PERSON""], [55, 78, ""ORG""]]",multi_entity
The consignment was moved through Jaipur.,"[[34, 40, ""GPE""]]",location_context
Ravi Deshmukh met an employee of Shakti Traders near Andheri East.,"[[0, 13, ""PERSON""], [33, 47, ""ORG""], [53, 65, ""LOC""]]",multi_entity
The FIR record contained references to Ananya Sharma and City Cargo Services.,"[[39, 52, ""PERSON""], [57, 76, ""ORG""]]",contrastive_negative
Suresh Iyer appeared in the CCTV records.,"[[0, 11, ""PERSON""]]",hard_negative
The team reviewed the arrest memo before questioning Suresh Iyer.,"[[53, 64, ""PERSON""]]",hard_negative
Sameer Khan met an employee of City Cargo Services near Turbhe Industrial Area.,"[[0, 11, ""PERSON""], [31, 50, ""ORG""], [56, 78, ""LOC""]]",multi_entity
Investigators compared the station diary entry with records from Shakti Traders.,"[[65, 79, ""ORG""]]",contrastive_negative
The CDR records was linked to an incident in Navi Mumbai.,"[[45, 56, ""GPE""]]",hard_negative
"Mohit Chawla transferred funds to DM Trading Services, while Md. Arif Khan contacted KS Electronics.","[[0, 12, ""PERSON""], [34, 53, ""ORG""], [61, 74, ""PERSON""], [85, 99, ""ORG""]]",complex
Arjun Patel appeared in the control room log.,"[[0, 11, ""PERSON""]]",hard_negative
Mohit Chawla met an employee of Metro Logistics Pvt Ltd near Eastern Express Highway.,"[[0, 12, ""PERSON""], [32, 55, ""ORG""], [61, 84, ""LOC""]]",multi_entity
Investigators traced the shipment from Mumbai to Vashi Sector 17.,"[[39, 45, ""GPE""], [49, 64, ""LOC""]]",multi_entity
Police located Ravi Deshmukh near Thane Creek.,"[[15, 28, ""PERSON""], [34, 45, ""LOC""]]",multi_entity
Arjun Patel transferred money to Metro Logistics Pvt Ltd from Nagpur.,"[[0, 11, ""PERSON""], [33, 56, ""ORG""], [62, 68, ""GPE""]]",multi_entity
Prime Warehousing submitted invoices from its Indore office.,"[[0, 17, ""ORG""], [46, 52, ""GPE""]]",multi_entity
Metro Logistics Pvt Ltd operates a warehouse in Kochi.,"[[0, 23, ""ORG""], [48, 53, ""GPE""]]",multi_entity
Shakti Traders rented space at Bhiwandi Distribution Hub.,"[[0, 14, ""ORG""], [31, 56, ""FAC""]]",facility_context
The investigation report mentioned Rohan Mehta.,"[[35, 46, ""PERSON""]]",hard_negative
Investigators traced the shipment from Chennai to Powai Lake Road.,"[[39, 46, ""GPE""], [50, 65, ""LOC""]]",multi_entity
Western Freight Solutions operates a warehouse in Chennai.,"[[0, 25, ""ORG""], [50, 57, ""GPE""]]",multi_entity
The crime scene report mentioned Mohit Chawla.,"[[33, 45, ""PERSON""]]",hard_negative
Mohammed Arif Khan was seen entering Vashi Logistics Yard.,"[[0, 18, ""PERSON""], [37, 57, ""FAC""]]",facility_context
The team reviewed the Case File before questioning Imran Sheikh.,"[[51, 63, ""PERSON""]]",hard_negative
Police located Vikram Joshi near Andheri East.,"[[15, 27, ""PERSON""], [33, 45, ""LOC""]]",multi_entity
Maharashtra State Bank was named in the Case File reviewed by investigators.,"[[0, 22, ""ORG""]]",contrastive_negative
Maharashtra State Bank rented space at Turbhe Warehouse No. 4.,"[[0, 22, ""ORG""], [39, 61, ""FAC""]]",facility_context
Arjun Patel travelled from Thane to Hyderabad with Priya Nair.,"[[0, 11, ""PERSON""], [27, 32, ""GPE""], [36, 45, ""GPE""], [51, 61, ""PERSON""]]",complex
Metro Logistics Pvt Ltd was named in the FIR record reviewed by investigators.,"[[0, 23, ""ORG""]]",contrastive_negative
The team reviewed the financial records before questioning Ravi Deshmukh.,"[[59, 72, ""PERSON""]]",hard_negative
Shakti Traders supplied invoices to investigators.,"[[0, 14, ""ORG""]]",org_context
Maharashtra State Bank was named in the mobile extraction report reviewed by investigators.,"[[0, 22, ""ORG""]]",contrastive_negative
The incident occurred in Nagpur.,"[[25, 31, ""GPE""]]",location_context
"The Call Detail Records mentioned Rohan Mehta, Ravi Deshmukh, and Western Freight Solutions.","[[34, 45, ""PERSON""], [47, 60, ""PERSON""], [66, 91, ""ORG""]]",complex
KS Electronics submitted invoices from its Pune office.,"[[0, 14, ""ORG""], [43, 47, ""GPE""]]",multi_entity
The financial records showed that M. A. Khan had contacted National Freight Corporation.,"[[34, 44, ""PERSON""], [59, 87, ""ORG""]]",contrastive_negative
"According to the incident report, S. Iyer visited City Cargo Services in Bengaluru.","[[34, 41, ""PERSON""], [50, 69, ""ORG""], [73, 82, ""GPE""]]",contrastive_negative
The vehicle associated with Rohan Mehta was found near Turbhe Industrial Area.,"[[28, 39, ""PERSON""], [55, 77, ""LOC""]]",multi_entity
The Case File contained references to Sameer Khan and Western Freight Solutions.,"[[38, 49, ""PERSON""], [54, 79, ""ORG""]]",contrastive_negative
The surveillance records contained references to Md. Arif Khan and KS Electronics.,"[[49, 62, ""PERSON""], [67, 81, ""ORG""]]",contrastive_negative
Metro Logistics Pvt Ltd maintained an office in Nagpur.,"[[0, 23, ""ORG""], [48, 54, ""GPE""]]",org_context
Funds moved from an account linked to Neeraj Shah into Western Freight Solutions.,"[[38, 49, ""PERSON""], [55, 80, ""ORG""]]",multi_entity
Dev Malhotra travelled from Kochi to Lucknow with M. A. Khan.,"[[0, 12, ""PERSON""], [28, 33, ""GPE""], [37, 44, ""GPE""], [50, 60, ""PERSON""]]",complex
Officers searched the area around Dharavi.,"[[34, 41, ""LOC""]]",location_context
Western Freight Solutions operates a warehouse in Surat.,"[[0, 25, ""ORG""], [50, 55, ""GPE""]]",multi_entity
Investigators compared the crime scene report with records from Shakti Traders.,"[[64, 78, ""ORG""]]",contrastive_negative
"The investigation report mentioned Vikram Joshi, S. Iyer, and Nova Components.","[[35, 47, ""PERSON""], [49, 56, ""PERSON""], [62, 77, ""ORG""]]",complex
M. A. Khan met an employee of BlueLine Transport near Turbhe Industrial Area.,"[[0, 10, ""PERSON""], [30, 48, ""ORG""], [54, 76, ""LOC""]]",multi_entity
Investigators compared the Location Surveillance Records with records from Western Freight Solutions.,"[[75, 100, ""ORG""]]",contrastive_negative
Funds moved from an account linked to Suresh Iyer into KS Electronics.,"[[38, 49, ""PERSON""], [55, 69, ""ORG""]]",multi_entity
KS Electronics rented space at Bhiwandi Distribution Hub.,"[[0, 14, ""ORG""], [31, 56, ""FAC""]]",facility_context
Mohammed Arif Khan travelled from Surat to Pune with Arjun Patel.,"[[0, 18, ""PERSON""], [34, 39, ""GPE""], [43, 47, ""GPE""], [53, 64, ""PERSON""]]",complex
Western Freight Solutions was named in the Case File reviewed by investigators.,"[[0, 25, ""ORG""]]",contrastive_negative
Entries in the surveillance records were compared with bank transactions.,[],hard_negative
The team reviewed the FIR record before questioning Rajiv Bansal.,"[[52, 64, ""PERSON""]]",hard_negative
The evidence log was reviewed by the investigating officer.,[],hard_negative
Ananya Sharma met an employee of Apex Distributors near Vashi Sector 17.,"[[0, 13, ""PERSON""], [33, 50, ""ORG""], [56, 71, ""LOC""]]",multi_entity
The CCTV records mentioned Neeraj Shah.,"[[27, 38, ""PERSON""]]",hard_negative
The surveillance record contained references to Mohammed Arif Khan and Prime Warehousing.,"[[48, 66, ""PERSON""], [71, 88, ""ORG""]]",contrastive_negative
Investigators compared the Case File with records from BlueLine Transport.,"[[55, 73, ""ORG""]]",contrastive_negative
Sameer Khan was seen entering Sector 19 Storage Depot.,"[[0, 11, ""PERSON""], [30, 53, ""FAC""]]",facility_context
The incident occurred in Pune.,"[[25, 29, ""GPE""]]",location_context
The CCTV footage contained references to Rajiv Bansal and DM Trading Services.,"[[41, 53, ""PERSON""], [58, 77, ""ORG""]]",contrastive_negative
Rajiv Bansal transferred money to Metro Logistics Pvt Ltd from Lucknow.,"[[0, 12, ""PERSON""], [34, 57, ""ORG""], [63, 70, ""GPE""]]",multi_entity
M. A. Khan worked with Apex Distributors in Indore.,"[[0, 10, ""PERSON""], [23, 40, ""ORG""], [44, 50, ""GPE""]]",multi_entity
Apex Distributors maintained an office in Surat.,"[[0, 17, ""ORG""], [42, 47, ""GPE""]]",org_context
Arjun Patel was seen entering Vashi Logistics Yard.,"[[0, 11, ""PERSON""], [30, 50, ""FAC""]]",facility_context
"Vikram Joshi transferred funds to Nova Components, while Rajiv Bansal contacted City Cargo Services.","[[0, 12, ""PERSON""], [34, 49, ""ORG""], [57, 69, ""PERSON""], [80, 99, ""ORG""]]",complex
Imran Sheikh and Suresh Iyer met representatives of DM Trading Services in Pune.,"[[0, 12, ""PERSON""], [17, 28, ""PERSON""], [52, 71, ""ORG""], [75, 79, ""GPE""]]",complex
Ayesha Khan was observed outside DM Trading Services in Thane.,"[[0, 11, ""PERSON""], [33, 52, ""ORG""], [56, 61, ""GPE""]]",multi_entity
The suspect travelled from Ahmedabad to Jaipur.,"[[27, 36, ""GPE""], [40, 46, ""GPE""]]",location_context
The Call Detail Records contained references to S. Iyer and Shakti Traders.,"[[48, 55, ""PERSON""], [60, 74, ""ORG""]]",contrastive_negative
Mohammed Arif Khan was observed outside KS Electronics in Ahmedabad.,"[[0, 18, ""PERSON""], [40, 54, ""ORG""], [58, 67, ""GPE""]]",multi_entity
Dev Malhotra travelled from Jaipur to Kochi with R K Sharma.,"[[0, 12, ""PERSON""], [28, 34, ""GPE""], [38, 43, ""GPE""], [49, 59, ""PERSON""]]",complex
Funds moved from an account linked to Karan Sethi into KS Electronics.,"[[38, 49, ""PERSON""], [55, 69, ""ORG""]]",multi_entity
R K Sharma transferred money to Maharashtra State Bank from Kochi.,"[[0, 10, ""PERSON""], [32, 54, ""ORG""], [60, 65, ""GPE""]]",multi_entity
The CDR records mentioned Rajiv Bansal.,"[[26, 38, ""PERSON""]]",hard_negative
The incident occurred in Mumbai.,"[[25, 31, ""GPE""]]",location_context
The vehicle associated with Ananya Sharma was found near Turbhe Industrial Area.,"[[28, 41, ""PERSON""], [57, 79, ""LOC""]]",multi_entity
"According to the CDR records, S. Iyer visited BlueLine Transport in Nagpur.","[[30, 37, ""PERSON""], [46, 64, ""ORG""], [68, 74, ""GPE""]]",contrastive_negative
Records from DM Trading Services were collected by police.,"[[13, 32, ""ORG""]]",org_context
Mohammed Arif Khan appeared in the control room log.,"[[0, 18, ""PERSON""]]",hard_negative
"Mohammed Arif Khan transferred funds to Apex Distributors, while Md. Arif Khan contacted KS Electronics.","[[0, 18, ""PERSON""], [40, 57, ""ORG""], [65, 78, ""PERSON""], [89, 103, ""ORG""]]",complex
Investigators collected the CCTV records for further examination.,[],hard_negative
Police located Ravi Deshmukh near Nhava Sheva Port Area.,"[[15, 28, ""PERSON""], [34, 55, ""LOC""]]",multi_entity
Md. Arif Khan was observed outside Apex Distributors in Indore.,"[[0, 13, ""PERSON""], [35, 52, ""ORG""], [56, 62, ""GPE""]]",multi_entity
Investigators compared the CCTV record with records from Prime Warehousing.,"[[57, 74, ""ORG""]]",contrastive_negative
"The CCTV record mentioned Mohammed Arif Khan, Karan Sethi, and Prime Warehousing.","[[26, 44, ""PERSON""], [46, 57, ""PERSON""], [63, 80, ""ORG""]]",complex
The suspect travelled from Pune to Thane.,"[[27, 31, ""GPE""], [35, 40, ""GPE""]]",location_context
"According to the financial records, S. Iyer visited Apex Distributors in Indore.","[[36, 43, ""PERSON""], [52, 69, ""ORG""], [73, 79, ""GPE""]]",contrastive_negative
Investigators traced the shipment from Nagpur to Eastern Express Highway.,"[[39, 45, ""GPE""], [49, 72, ""LOC""]]",multi_entity
"According to the CCTV footage, Mohammed Arif Khan visited Apex Distributors in Jaipur.","[[31, 49, ""PERSON""], [58, 75, ""ORG""], [79, 85, ""GPE""]]",contrastive_negative
BlueLine Transport was named in the bank records reviewed by investigators.,"[[0, 18, ""ORG""]]",contrastive_negative
Vikram Joshi transferred money to National Freight Corporation from Kochi.,"[[0, 12, ""PERSON""], [34, 62, ""ORG""], [68, 73, ""GPE""]]",multi_entity
City Cargo Services rented space at Sector 19 Storage Depot.,"[[0, 19, ""ORG""], [36, 59, ""FAC""]]",facility_context
City Cargo Services maintained an office in Pune.,"[[0, 19, ""ORG""], [44, 48, ""GPE""]]",org_context
Priya Nair was observed outside Metro Logistics Pvt Ltd in Ahmedabad.,"[[0, 10, ""PERSON""], [32, 55, ""ORG""], [59, 68, ""GPE""]]",multi_entity
Western Freight Solutions was named in the incident report reviewed by investigators.,"[[0, 25, ""ORG""]]",contrastive_negative
The evidence log showed that Imran Sheikh had contacted Shakti Traders.,"[[29, 41, ""PERSON""], [56, 70, ""ORG""]]",contrastive_negative
The team reviewed the crime scene report before questioning Dev Malhotra.,"[[60, 72, ""PERSON""]]",hard_negative
Records from Maharashtra State Bank were collected by police.,"[[13, 35, ""ORG""]]",org_context
Md. Arif Khan worked with Maharashtra State Bank in Surat.,"[[0, 13, ""PERSON""], [26, 48, ""ORG""], [52, 57, ""GPE""]]",multi_entity
Apex Distributors submitted invoices from its Hyderabad office.,"[[0, 17, ""ORG""], [46, 55, ""GPE""]]",multi_entity
The vehicle movement record showed that R K Sharma had contacted KS Electronics.,"[[40, 50, ""PERSON""], [65, 79, ""ORG""]]",contrastive_negative
Police located Ayesha Khan near Thane Creek.,"[[15, 26, ""PERSON""], [32, 43, ""LOC""]]",multi_entity
Sameer Khan appeared in the witness statement.,"[[0, 11, ""PERSON""]]",hard_negative
The vehicle associated with Dev Malhotra was found near Turbhe Industrial Area.,"[[28, 40, ""PERSON""], [56, 78, ""LOC""]]",multi_entity
Metro Logistics Pvt Ltd submitted invoices from its Mumbai office.,"[[0, 23, ""ORG""], [52, 58, ""GPE""]]",multi_entity
Dev Malhotra and Ayesha Khan met representatives of Metro Logistics Pvt Ltd in Pune.,"[[0, 12, ""PERSON""], [17, 28, ""PERSON""], [52, 75, ""ORG""], [79, 83, ""GPE""]]",complex
"According to the mobile extraction report, Karan Sethi visited Shakti Traders in Ahmedabad.","[[43, 54, ""PERSON""], [63, 77, ""ORG""], [81, 90, ""GPE""]]",contrastive_negative
The suspect travelled from Chennai to Thane.,"[[27, 34, ""GPE""], [38, 43, ""GPE""]]",location_context
Funds moved from an account linked to Mohit Chawla into Prime Warehousing.,"[[38, 50, ""PERSON""], [56, 73, ""ORG""]]",multi_entity
"The incident report mentioned Mohammed Arif Khan, Vikram Joshi, and Metro Logistics Pvt Ltd.","[[30, 48, ""PERSON""], [50, 62, ""PERSON""], [68, 91, ""ORG""]]",complex
Vikram Joshi transferred money to Metro Logistics Pvt Ltd from Jaipur.,"[[0, 12, ""PERSON""], [34, 57, ""ORG""], [63, 69, ""GPE""]]",multi_entity
Prime Warehousing submitted invoices from its Ahmedabad office.,"[[0, 17, ""ORG""], [46, 55, ""GPE""]]",multi_entity
The FIR was linked to an incident in Navi Mumbai.,"[[37, 48, ""GPE""]]",hard_negative
The crime scene report contained references to Vikram Joshi and KS Electronics.,"[[47, 59, ""PERSON""], [64, 78, ""ORG""]]",contrastive_negative
Metro Logistics Pvt Ltd operates a warehouse in Hyderabad.,"[[0, 23, ""ORG""], [48, 57, ""GPE""]]",multi_entity
Apex Distributors was named in the CCTV record reviewed by investigators.,"[[0, 17, ""ORG""]]",contrastive_negative
The vehicle associated with Mohammed Arif Khan was found near Powai Lake Road.,"[[28, 46, ""PERSON""], [62, 77, ""LOC""]]",multi_entity
Neeraj Shah transferred money to Metro Logistics Pvt Ltd from Surat.,"[[0, 11, ""PERSON""], [33, 56, ""ORG""], [62, 67, ""GPE""]]",multi_entity
Ravi Deshmukh transferred money to BlueLine Transport from Navi Mumbai.,"[[0, 13, ""PERSON""], [35, 53, ""ORG""], [59, 70, ""GPE""]]",multi_entity
Md. Arif Khan was seen entering Sector 19 Storage Depot.,"[[0, 13, ""PERSON""], [32, 55, ""FAC""]]",facility_context
The CCTV footage was reviewed by the investigating officer.,[],hard_negative
Investigators traced the shipment from Mumbai to Powai Lake Road.,"[[39, 45, ""GPE""], [49, 64, ""LOC""]]",multi_entity
Investigators collected the station diary entry for further examination.,[],hard_negative
No useful information was found in the seizure memo.,[],hard_negative
Karan Sethi worked with Maharashtra State Bank in Lucknow.,"[[0, 11, ""PERSON""], [24, 46, ""ORG""], [50, 57, ""GPE""]]",multi_entity
Vikram Joshi worked with City Cargo Services in Navi Mumbai.,"[[0, 12, ""PERSON""], [25, 44, ""ORG""], [48, 59, ""GPE""]]",multi_entity
Md. Arif Khan worked with Western Freight Solutions in Nagpur.,"[[0, 13, ""PERSON""], [26, 51, ""ORG""], [55, 61, ""GPE""]]",multi_entity
The vehicle associated with Rajiv Bansal was found near Andheri East.,"[[28, 40, ""PERSON""], [56, 68, ""LOC""]]",multi_entity
Priya Nair was seen entering Vashi Logistics Yard.,"[[0, 10, ""PERSON""], [29, 49, ""FAC""]]",facility_context
Priya Nair travelled from Mumbai to Surat with M. A. Khan.,"[[0, 10, ""PERSON""], [26, 32, ""GPE""], [36, 41, ""GPE""], [47, 57, ""PERSON""]]",complex
The forensic report showed that Mohit Chawla had contacted BlueLine Transport.,"[[32, 44, ""PERSON""], [59, 77, ""ORG""]]",contrastive_negative
Suresh Iyer appeared in the surveillance records.,"[[0, 11, ""PERSON""]]",hard_negative
Sameer Khan and Karan Sethi met representatives of DM Trading Services in Surat.,"[[0, 11, ""PERSON""], [16, 27, ""PERSON""], [51, 70, ""ORG""], [74, 79, ""GPE""]]",complex
The vehicle movement record contained references to S. Iyer and Metro Logistics Pvt Ltd.,"[[52, 59, ""PERSON""], [64, 87, ""ORG""]]",contrastive_negative
Imran Sheikh worked with Maharashtra State Bank in Indore.,"[[0, 12, ""PERSON""], [25, 47, ""ORG""], [51, 57, ""GPE""]]",multi_entity
The vehicle associated with Ravi Deshmukh was found near Turbhe Industrial Area.,"[[28, 41, ""PERSON""], [57, 79, ""LOC""]]",multi_entity
R K Sharma appeared in the forensic report.,"[[0, 10, ""PERSON""]]",hard_negative
Metro Logistics Pvt Ltd submitted invoices from its Indore office.,"[[0, 23, ""ORG""], [52, 58, ""GPE""]]",multi_entity
Rajiv Bansal was seen entering Andheri Commercial Complex.,"[[0, 12, ""PERSON""], [31, 57, ""FAC""]]",facility_context
The vehicle was located near Nhava Sheva Port Area.,"[[29, 50, ""LOC""]]",location_context
"Ananya Sharma transferred funds to Western Freight Solutions, while Priya Nair contacted KS Electronics.","[[0, 13, ""PERSON""], [35, 60, ""ORG""], [68, 78, ""PERSON""], [89, 103, ""ORG""]]",complex
Mohammed Arif Khan met an employee of BlueLine Transport near Mumbai-Pune Expressway.,"[[0, 18, ""PERSON""], [38, 56, ""ORG""], [62, 84, ""LOC""]]",multi_entity
Sameer Khan met an employee of Apex Distributors near Thane Creek.,"[[0, 11, ""PERSON""], [31, 48, ""ORG""], [54, 65, ""LOC""]]",multi_entity
The witness statement showed that Mohit Chawla had contacted DM Trading Services.,"[[34, 46, ""PERSON""], [61, 80, ""ORG""]]",contrastive_negative
Funds moved from an account linked to Dev Malhotra into DM Trading Services.,"[[38, 50, ""PERSON""], [56, 75, ""ORG""]]",multi_entity
The incident occurred in Navi Mumbai.,"[[25, 36, ""GPE""]]",location_context
Investigators compared the CCTV record with records from Shakti Traders.,"[[57, 71, ""ORG""]]",contrastive_negative
Investigators compared the mobile extraction report with records from Apex Distributors.,"[[70, 87, ""ORG""]]",contrastive_negative
The witness statement mentioned Arjun Patel.,"[[32, 43, ""PERSON""]]",hard_negative
The witness statement showed that Mohammed Arif Khan had contacted KS Electronics.,"[[34, 52, ""PERSON""], [67, 81, ""ORG""]]",contrastive_negative
R K Sharma was observed outside Western Freight Solutions in Nagpur.,"[[0, 10, ""PERSON""], [32, 57, ""ORG""], [61, 67, ""GPE""]]",multi_entity
Ravi Deshmukh appeared in the investigation report.,"[[0, 13, ""PERSON""]]",hard_negative
Rohan Mehta was observed outside Nova Components in Indore.,"[[0, 11, ""PERSON""], [33, 48, ""ORG""], [52, 58, ""GPE""]]",multi_entity
City Cargo Services was named in the CDR records reviewed by investigators.,"[[0, 19, ""ORG""]]",contrastive_negative
No useful information was found in the FIR record.,[],hard_negative
Md. Arif Khan appeared in the case file.,"[[0, 13, ""PERSON""]]",hard_negative
"The case file mentioned Dev Malhotra, Ananya Sharma, and Western Freight Solutions.","[[24, 36, ""PERSON""], [38, 51, ""PERSON""], [57, 82, ""ORG""]]",complex
Mohammed Arif Khan transferred money to Nova Components from Hyderabad.,"[[0, 18, ""PERSON""], [40, 55, ""ORG""], [61, 70, ""GPE""]]",multi_entity
"The FIR record mentioned Sameer Khan, Mohit Chawla, and KS Electronics.","[[25, 36, ""PERSON""], [38, 50, ""PERSON""], [56, 70, ""ORG""]]",complex
R K Sharma and Sameer Khan met representatives of Shakti Traders in Navi Mumbai.,"[[0, 10, ""PERSON""], [15, 26, ""PERSON""], [50, 64, ""ORG""], [68, 79, ""GPE""]]",complex
National Freight Corporation was named in the FIR record reviewed by investigators.,"[[0, 28, ""ORG""]]",contrastive_negative
Vikram Joshi met an employee of City Cargo Services near Eastern Express Highway.,"[[0, 12, ""PERSON""], [32, 51, ""ORG""], [57, 80, ""LOC""]]",multi_entity
Funds moved from an account linked to Sameer Khan into KS Electronics.,"[[38, 49, ""PERSON""], [55, 69, ""ORG""]]",multi_entity
The team reviewed the station diary entry before questioning Rohan Mehta.,"[[61, 72, ""PERSON""]]",hard_negative
Md. Arif Khan met an employee of Maharashtra State Bank near Turbhe Industrial Area.,"[[0, 13, ""PERSON""], [33, 55, ""ORG""], [61, 83, ""LOC""]]",multi_entity
The surveillance records was reviewed by the investigating officer.,[],hard_negative
The FIR record contained references to Ananya Sharma and Prime Warehousing.,"[[39, 52, ""PERSON""], [57, 74, ""ORG""]]",contrastive_negative
Investigators traced the shipment from Delhi to Turbhe Industrial Area.,"[[39, 44, ""GPE""], [48, 70, ""LOC""]]",multi_entity
Shakti Traders operates a warehouse in Indore.,"[[0, 14, ""ORG""], [39, 45, ""GPE""]]",multi_entity
The team reviewed the evidence log before questioning Vikram Joshi.,"[[54, 66, ""PERSON""]]",hard_negative
"The Call Detail Records mentioned Vikram Joshi, Karan Sethi, and Apex Distributors.","[[34, 46, ""PERSON""], [48, 59, ""PERSON""], [65, 82, ""ORG""]]",complex
Arjun Patel was observed outside KS Electronics in Kochi.,"[[0, 11, ""PERSON""], [33, 47, ""ORG""], [51, 56, ""GPE""]]",multi_entity
Apex Distributors maintained an office in Lucknow.,"[[0, 17, ""ORG""], [42, 49, ""GPE""]]",org_context
Investigators compared the CCTV records with records from DM Trading Services.,"[[58, 77, ""ORG""]]",contrastive_negative
The vehicle movement record mentioned S. Iyer.,"[[38, 45, ""PERSON""]]",hard_negative
"Rajiv Bansal transferred funds to Nova Components, while Ravi Deshmukh contacted KS Electronics.","[[0, 12, ""PERSON""], [34, 49, ""ORG""], [57, 70, ""PERSON""], [81, 95, ""ORG""]]",complex
"The mobile extraction report mentioned Dev Malhotra, Ravi Deshmukh, and National Freight Corporation.","[[39, 51, ""PERSON""], [53, 66, ""PERSON""], [72, 100, ""ORG""]]",complex
Police located Suresh Iyer near Mumbai-Pune Expressway.,"[[15, 26, ""PERSON""], [32, 54, ""LOC""]]",multi_entity
"The vehicle movement record mentioned Rajiv Bansal, Rohan Mehta, and Nova Components.","[[38, 50, ""PERSON""], [52, 63, ""PERSON""], [69, 84, ""ORG""]]",complex
"According to the evidence log, Ayesha Khan visited Maharashtra State Bank in Lucknow.","[[31, 42, ""PERSON""], [51, 73, ""ORG""], [77, 84, ""GPE""]]",contrastive_negative
Officers searched the area around Vashi Sector 17.,"[[34, 49, ""LOC""]]",location_context
"Karan Sethi transferred funds to KS Electronics, while Arjun Patel contacted DM Trading Services.","[[0, 11, ""PERSON""], [33, 47, ""ORG""], [55, 66, ""PERSON""], [77, 96, ""ORG""]]",complex
National Freight Corporation operates a warehouse in Surat.,"[[0, 28, ""ORG""], [53, 58, ""GPE""]]",multi_entity
Police located Arjun Patel near Vashi Sector 17.,"[[15, 26, ""PERSON""], [32, 47, ""LOC""]]",multi_entity
Dev Malhotra was observed outside Nova Components in Thane.,"[[0, 12, ""PERSON""], [34, 49, ""ORG""], [53, 58, ""GPE""]]",multi_entity
The vehicle movement record was reviewed by the investigating officer.,[],hard_negative
The CCTV record contained references to Md. Arif Khan and Metro Logistics Pvt Ltd.,"[[40, 53, ""PERSON""], [58, 81, ""ORG""]]",contrastive_negative
National Freight Corporation operates a warehouse in Ahmedabad.,"[[0, 28, ""ORG""], [53, 62, ""GPE""]]",multi_entity
Western Freight Solutions rented space at Andheri Commercial Complex.,"[[0, 25, ""ORG""], [42, 68, ""FAC""]]",facility_context
Police located S. Iyer near Dharavi.,"[[15, 22, ""PERSON""], [28, 35, ""LOC""]]",multi_entity
The CCTV records mentioned Md. Arif Khan.,"[[27, 40, ""PERSON""]]",hard_negative
Arjun Patel transferred money to Maharashtra State Bank from Kochi.,"[[0, 11, ""PERSON""], [33, 55, ""ORG""], [61, 66, ""GPE""]]",multi_entity
The evidence log mentioned Suresh Iyer.,"[[27, 38, ""PERSON""]]",hard_negative
The station diary entry showed that Ananya Sharma had contacted DM Trading Services.,"[[36, 49, ""PERSON""], [64, 83, ""ORG""]]",contrastive_negative
Rohan Mehta worked with Western Freight Solutions in Bengaluru.,"[[0, 11, ""PERSON""], [24, 49, ""ORG""], [53, 62, ""GPE""]]",multi_entity
Entries in the FIR were compared with bank transactions.,[],hard_negative
Apex Distributors submitted invoices from its Thane office.,"[[0, 17, ""ORG""], [46, 51, ""GPE""]]",multi_entity
Maharashtra State Bank operates a warehouse in Chennai.,"[[0, 22, ""ORG""], [47, 54, ""GPE""]]",multi_entity
Police located R K Sharma near Dharavi.,"[[15, 25, ""PERSON""], [31, 38, ""LOC""]]",multi_entity
The vehicle associated with Ayesha Khan was found near Bandra Kurla Complex.,"[[28, 39, ""PERSON""], [55, 75, ""LOC""]]",multi_entity
KS Electronics operates a warehouse in Indore.,"[[0, 14, ""ORG""], [39, 45, ""GPE""]]",multi_entity
R K Sharma was observed outside Prime Warehousing in Kochi.,"[[0, 10, ""PERSON""], [32, 49, ""ORG""], [53, 58, ""GPE""]]",multi_entity
The surveillance records was linked to an incident in Kochi.,"[[54, 59, ""GPE""]]",hard_negative
Investigators collected the evidence log for further examination.,[],hard_negative
The investigation report showed that Rajiv Bansal had contacted Nova Components.,"[[37, 49, ""PERSON""], [64, 79, ""ORG""]]",contrastive_negative
"Sameer Khan transferred funds to Metro Logistics Pvt Ltd, while S. Iyer contacted DM Trading Services.","[[0, 11, ""PERSON""], [33, 56, ""ORG""], [64, 71, ""PERSON""], [82, 101, ""ORG""]]",complex
Investigators compared the CCTV footage with records from City Cargo Services.,"[[58, 77, ""ORG""]]",contrastive_negative
The bank records was linked to an incident in Hyderabad.,"[[46, 55, ""GPE""]]",hard_negative
DM Trading Services operates a warehouse in Lucknow.,"[[0, 19, ""ORG""], [44, 51, ""GPE""]]",multi_entity
The FIR was linked to an incident in Mumbai.,"[[37, 43, ""GPE""]]",hard_negative
The evidence log was linked to an incident in Nagpur.,"[[46, 52, ""GPE""]]",hard_negative
"The crime scene report mentioned Md. Arif Khan, Mohit Chawla, and Metro Logistics Pvt Ltd.","[[33, 46, ""PERSON""], [48, 60, ""PERSON""], [66, 89, ""ORG""]]",complex
The suspect travelled from Lucknow to Chennai.,"[[27, 34, ""GPE""], [38, 45, ""GPE""]]",location_context
The Location Surveillance Records was linked to an incident in Bengaluru.,"[[63, 72, ""GPE""]]",hard_negative
No useful information was found in the CCTV record.,[],hard_negative
Police located M. A. Khan near Eastern Express Highway.,"[[15, 25, ""PERSON""], [31, 54, ""LOC""]]",multi_entity
M. A. Khan worked with Nova Components in Pune.,"[[0, 10, ""PERSON""], [23, 38, ""ORG""], [42, 46, ""GPE""]]",multi_entity
"Sameer Khan transferred funds to National Freight Corporation, while Rohan Mehta contacted Western Freight Solutions.","[[0, 11, ""PERSON""], [33, 61, ""ORG""], [69, 80, ""PERSON""], [91, 116, ""ORG""]]",complex
Neeraj Shah travelled from Bengaluru to Ahmedabad with Md. Arif Khan.,"[[0, 11, ""PERSON""], [27, 36, ""GPE""], [40, 49, ""GPE""], [55, 68, ""PERSON""]]",complex
Karan Sethi met an employee of Nova Components near Thane Creek.,"[[0, 11, ""PERSON""], [31, 46, ""ORG""], [52, 63, ""LOC""]]",multi_entity
Vikram Joshi was observed outside National Freight Corporation in Jaipur.,"[[0, 12, ""PERSON""], [34, 62, ""ORG""], [66, 72, ""GPE""]]",multi_entity
Investigators collected the control room log for further examination.,[],hard_negative
Suresh Iyer was observed outside City Cargo Services in Indore.,"[[0, 11, ""PERSON""], [33, 52, ""ORG""], [56, 62, ""GPE""]]",multi_entity
The suspect travelled from Hyderabad to Jaipur.,"[[27, 36, ""GPE""], [40, 46, ""GPE""]]",location_context
Funds moved from an account linked to Neeraj Shah into Apex Distributors.,"[[38, 49, ""PERSON""], [55, 72, ""ORG""]]",multi_entity
The police report contained references to Ravi Deshmukh and KS Electronics.,"[[42, 55, ""PERSON""], [60, 74, ""ORG""]]",contrastive_negative
Ananya Sharma worked with Western Freight Solutions in Jaipur.,"[[0, 13, ""PERSON""], [26, 51, ""ORG""], [55, 61, ""GPE""]]",multi_entity
Karan Sethi and Neeraj Shah met representatives of DM Trading Services in Pune.,"[[0, 11, ""PERSON""], [16, 27, ""PERSON""], [51, 70, ""ORG""], [74, 78, ""GPE""]]",complex
R K Sharma appeared in the vehicle movement record.,"[[0, 10, ""PERSON""]]",hard_negative
The mobile extraction report showed that Priya Nair had contacted KS Electronics.,"[[41, 51, ""PERSON""], [66, 80, ""ORG""]]",contrastive_negative
Mohit Chawla was observed outside Metro Logistics Pvt Ltd in Thane.,"[[0, 12, ""PERSON""], [34, 57, ""ORG""], [61, 66, ""GPE""]]",multi_entity
Neeraj Shah appeared in the incident report.,"[[0, 11, ""PERSON""]]",hard_negative
Ayesha Khan met an employee of DM Trading Services near Dharavi.,"[[0, 11, ""PERSON""], [31, 50, ""ORG""], [56, 63, ""LOC""]]",multi_entity
Investigators compared the arrest memo with records from Prime Warehousing.,"[[57, 74, ""ORG""]]",contrastive_negative
The bank records mentioned Md. Arif Khan.,"[[27, 40, ""PERSON""]]",hard_negative
The CCTV record mentioned S. Iyer.,"[[26, 33, ""PERSON""]]",hard_negative
No useful information was found in the witness statement.,[],hard_negative
BlueLine Transport operates a warehouse in Navi Mumbai.,"[[0, 18, ""ORG""], [43, 54, ""GPE""]]",multi_entity
Maharashtra State Bank operates a warehouse in Thane.,"[[0, 22, ""ORG""], [47, 52, ""GPE""]]",multi_entity
Mohit Chawla and Imran Sheikh met representatives of Western Freight Solutions in Kochi.,"[[0, 12, ""PERSON""], [17, 29, ""PERSON""], [53, 78, ""ORG""], [82, 87, ""GPE""]]",complex
Ananya Sharma was observed outside Prime Warehousing in Thane.,"[[0, 13, ""PERSON""], [35, 52, ""ORG""], [56, 61, ""GPE""]]",multi_entity
"The mobile extraction report mentioned Suresh Iyer, Ananya Sharma, and City Cargo Services.","[[39, 50, ""PERSON""], [52, 65, ""PERSON""], [71, 90, ""ORG""]]",complex
Maharashtra State Bank was named in the bank records reviewed by investigators.,"[[0, 22, ""ORG""]]",contrastive_negative
The surveillance records mentioned Imran Sheikh.,"[[35, 47, ""PERSON""]]",hard_negative
S. Iyer worked with Maharashtra State Bank in Pune.,"[[0, 7, ""PERSON""], [20, 42, ""ORG""], [46, 50, ""GPE""]]",multi_entity
The team reviewed the CCTV footage before questioning Ravi Deshmukh.,"[[54, 67, ""PERSON""]]",hard_negative
DM Trading Services was named in the Location Surveillance Records reviewed by investigators.,"[[0, 19, ""ORG""]]",contrastive_negative
City Cargo Services was named in the vehicle movement record reviewed by investigators.,"[[0, 19, ""ORG""]]",contrastive_negative
The Case File was linked to an incident in Chennai.,"[[43, 50, ""GPE""]]",hard_negative
Ravi Deshmukh travelled from Jaipur to Indore with M. A. Khan.,"[[0, 13, ""PERSON""], [29, 35, ""GPE""], [39, 45, ""GPE""], [51, 61, ""PERSON""]]",complex
Karan Sethi and S. Iyer met representatives of Shakti Traders in Hyderabad.,"[[0, 11, ""PERSON""], [16, 23, ""PERSON""], [47, 61, ""ORG""], [65, 74, ""GPE""]]",complex
Mohit Chawla travelled from Lucknow to Surat with Dev Malhotra.,"[[0, 12, ""PERSON""], [28, 35, ""GPE""], [39, 44, ""GPE""], [50, 62, ""PERSON""]]",complex
"According to the investigation report, Suresh Iyer visited National Freight Corporation in Hyderabad.","[[39, 50, ""PERSON""], [59, 87, ""ORG""], [91, 100, ""GPE""]]",contrastive_negative
The CCTV footage showed that Dev Malhotra had contacted Nova Components.,"[[29, 41, ""PERSON""], [56, 71, ""ORG""]]",contrastive_negative
The forensic report mentioned Priya Nair.,"[[30, 40, ""PERSON""]]",hard_negative
The incident report mentioned Ananya Sharma.,"[[30, 43, ""PERSON""]]",hard_negative
The CCTV footage mentioned Vikram Joshi.,"[[27, 39, ""PERSON""]]",hard_negative
Arjun Patel transferred money to National Freight Corporation from Hyderabad.,"[[0, 11, ""PERSON""], [33, 61, ""ORG""], [67, 76, ""GPE""]]",multi_entity
The FIR mentioned Mohammed Arif Khan.,"[[18, 36, ""PERSON""]]",hard_negative
M. A. Khan worked with Apex Distributors in Lucknow.,"[[0, 10, ""PERSON""], [23, 40, ""ORG""], [44, 51, ""GPE""]]",multi_entity
DM Trading Services operates a warehouse in Delhi.,"[[0, 19, ""ORG""], [44, 49, ""GPE""]]",multi_entity
Police located Md. Arif Khan near Powai Lake Road.,"[[15, 28, ""PERSON""], [34, 49, ""LOC""]]",multi_entity
Suresh Iyer was observed outside Apex Distributors in Ahmedabad.,"[[0, 11, ""PERSON""], [33, 50, ""ORG""], [54, 63, ""GPE""]]",multi_entity
"According to the vehicle movement record, R K Sharma visited Maharashtra State Bank in Indore.","[[42, 52, ""PERSON""], [61, 83, ""ORG""], [87, 93, ""GPE""]]",contrastive_negative
Rajiv Bansal appeared in the Location Surveillance Record.,"[[0, 12, ""PERSON""]]",hard_negative
Nova Components submitted invoices from its Navi Mumbai office.,"[[0, 15, ""ORG""], [44, 55, ""GPE""]]",multi_entity
Investigators compared the CCTV records with records from Apex Distributors.,"[[58, 75, ""ORG""]]",contrastive_negative
"Mohammed Arif Khan transferred funds to DM Trading Services, while Arjun Patel contacted BlueLine Transport.","[[0, 18, ""PERSON""], [40, 59, ""ORG""], [67, 78, ""PERSON""], [89, 107, ""ORG""]]",complex
"According to the mobile extraction report, Suresh Iyer visited Shakti Traders in Lucknow.","[[43, 54, ""PERSON""], [63, 77, ""ORG""], [81, 88, ""GPE""]]",contrastive_negative
DM Trading Services maintained an office in Indore.,"[[0, 19, ""ORG""], [44, 50, ""GPE""]]",org_context
The Case File showed that Arjun Patel had contacted National Freight Corporation.,"[[26, 37, ""PERSON""], [52, 80, ""ORG""]]",contrastive_negative
Metro Logistics Pvt Ltd maintained an office in Pune.,"[[0, 23, ""ORG""], [48, 52, ""GPE""]]",org_context
Funds moved from an account linked to Rohan Mehta into KS Electronics.,"[[38, 49, ""PERSON""], [55, 69, ""ORG""]]",multi_entity
The directors of BlueLine Transport were questioned.,"[[17, 35, ""ORG""]]",org_context
The CDR records was linked to an incident in Ahmedabad.,"[[45, 54, ""GPE""]]",hard_negative
Arjun Patel and M. A. Khan met representatives of Western Freight Solutions in Chennai.,"[[0, 11, ""PERSON""], [16, 26, ""PERSON""], [50, 75, ""ORG""], [79, 86, ""GPE""]]",complex
The mobile extraction report showed that S. Iyer had contacted Prime Warehousing.,"[[41, 48, ""PERSON""], [63, 80, ""ORG""]]",contrastive_negative
The surveillance record showed that Vikram Joshi had contacted BlueLine Transport.,"[[36, 48, ""PERSON""], [63, 81, ""ORG""]]",contrastive_negative
The vehicle associated with Suresh Iyer was found near Nhava Sheva Port Area.,"[[28, 39, ""PERSON""], [55, 76, ""LOC""]]",multi_entity
The incident report was linked to an incident in Thane.,"[[49, 54, ""GPE""]]",hard_negative
The CCTV footage contained references to Suresh Iyer and DM Trading Services.,"[[41, 52, ""PERSON""], [57, 76, ""ORG""]]",contrastive_negative
Police located Ananya Sharma near Bandra Kurla Complex.,"[[15, 28, ""PERSON""], [34, 54, ""LOC""]]",multi_entity
Investigators compared the seizure memo with records from DM Trading Services.,"[[58, 77, ""ORG""]]",contrastive_negative
The control room log was linked to an incident in Mumbai.,"[[50, 56, ""GPE""]]",hard_negative
Investigators compared the investigation report with records from KS Electronics.,"[[66, 80, ""ORG""]]",contrastive_negative
DM Trading Services submitted invoices from its Mumbai office.,"[[0, 19, ""ORG""], [48, 54, ""GPE""]]",multi_entity
Neeraj Shah appeared in the CCTV records.,"[[0, 11, ""PERSON""]]",hard_negative
Priya Nair travelled from Pune to Thane with Mohammed Arif Khan.,"[[0, 10, ""PERSON""], [26, 30, ""GPE""], [34, 39, ""GPE""], [45, 63, ""PERSON""]]",complex
Investigators compared the FIR with records from DM Trading Services.,"[[49, 68, ""ORG""]]",contrastive_negative
Prime Warehousing maintained an office in Nagpur.,"[[0, 17, ""ORG""], [42, 48, ""GPE""]]",org_context
"Mohammed Arif Khan transferred funds to City Cargo Services, while Ananya Sharma contacted Metro Logistics Pvt Ltd.","[[0, 18, ""PERSON""], [40, 59, ""ORG""], [67, 80, ""PERSON""], [91, 114, ""ORG""]]",complex
Priya Nair was observed outside Apex Distributors in Ahmedabad.,"[[0, 10, ""PERSON""], [32, 49, ""ORG""], [53, 62, ""GPE""]]",multi_entity
Police located Mohammed Arif Khan near Dharavi.,"[[15, 33, ""PERSON""], [39, 46, ""LOC""]]",multi_entity
KS Electronics supplied invoices to investigators.,"[[0, 14, ""ORG""]]",org_context
"According to the mobile extraction report, Ananya Sharma visited Shakti Traders in Hyderabad.","[[43, 56, ""PERSON""], [65, 79, ""ORG""], [83, 92, ""GPE""]]",contrastive_negative
Mohit Chawla was observed outside Maharashtra State Bank in Ahmedabad.,"[[0, 12, ""PERSON""], [34, 56, ""ORG""], [60, 69, ""GPE""]]",multi_entity
The police report was linked to an incident in Hyderabad.,"[[47, 56, ""GPE""]]",hard_negative
The team reviewed the CCTV footage before questioning R K Sharma.,"[[54, 64, ""PERSON""]]",hard_negative
No useful information was found in the station diary entry.,[],hard_negative
The Call Detail Records was linked to an incident in Mumbai.,"[[53, 59, ""GPE""]]",hard_negative
KS Electronics operates a warehouse in Delhi.,"[[0, 14, ""ORG""], [39, 44, ""GPE""]]",multi_entity
The witness statement showed that Arjun Patel had contacted National Freight Corporation.,"[[34, 45, ""PERSON""], [60, 88, ""ORG""]]",contrastive_negative
National Freight Corporation rented space at Sector 19 Storage Depot.,"[[0, 28, ""ORG""], [45, 68, ""FAC""]]",facility_context
The suspect travelled from Thane to Pune.,"[[27, 32, ""GPE""], [36, 40, ""GPE""]]",location_context
R K Sharma travelled from Navi Mumbai to Chennai with Imran Sheikh.,"[[0, 10, ""PERSON""], [26, 37, ""GPE""], [41, 48, ""GPE""], [54, 66, ""PERSON""]]",complex
The FIR showed that Rohan Mehta had contacted Metro Logistics Pvt Ltd.,"[[20, 31, ""PERSON""], [46, 69, ""ORG""]]",contrastive_negative
The FIR record was linked to an incident in Chennai.,"[[44, 51, ""GPE""]]",hard_negative
The team reviewed the case file before questioning M. A. Khan.,"[[51, 61, ""PERSON""]]",hard_negative
Entries in the vehicle movement record were compared with bank transactions.,[],hard_negative
The evidence log mentioned Arjun Patel.,"[[27, 38, ""PERSON""]]",hard_negative
The Case File showed that Md. Arif Khan had contacted Maharashtra State Bank.,"[[26, 39, ""PERSON""], [54, 76, ""ORG""]]",contrastive_negative
Md. Arif Khan was seen entering Vashi Logistics Yard.,"[[0, 13, ""PERSON""], [32, 52, ""FAC""]]",facility_context
Investigators compared the Location Surveillance Records with records from KS Electronics.,"[[75, 89, ""ORG""]]",contrastive_negative
National Freight Corporation submitted invoices from its Indore office.,"[[0, 28, ""ORG""], [57, 63, ""GPE""]]",multi_entity
Ayesha Khan appeared in the CCTV record.,"[[0, 11, ""PERSON""]]",hard_negative
Rohan Mehta appeared in the control room log.,"[[0, 11, ""PERSON""]]",hard_negative
Sameer Khan and Mohit Chawla met representatives of Prime Warehousing in Indore.,"[[0, 11, ""PERSON""], [16, 28, ""PERSON""], [52, 69, ""ORG""], [73, 79, ""GPE""]]",complex
Mohit Chawla met an employee of KS Electronics near Bandra Kurla Complex.,"[[0, 12, ""PERSON""], [32, 46, ""ORG""], [52, 72, ""LOC""]]",multi_entity
The suspect travelled from Kochi to Delhi.,"[[27, 32, ""GPE""], [36, 41, ""GPE""]]",location_context
Ravi Deshmukh was observed outside DM Trading Services in Ahmedabad.,"[[0, 13, ""PERSON""], [35, 54, ""ORG""], [58, 67, ""GPE""]]",multi_entity
Investigators collected the surveillance records for further examination.,[],hard_negative
Md. Arif Khan was observed outside Maharashtra State Bank in Bengaluru.,"[[0, 13, ""PERSON""], [35, 57, ""ORG""], [61, 70, ""GPE""]]",multi_entity
The team reviewed the control room log before questioning Ravi Deshmukh.,"[[58, 71, ""PERSON""]]",hard_negative
Funds moved from an account linked to Md. Arif Khan into KS Electronics.,"[[38, 51, ""PERSON""], [57, 71, ""ORG""]]",multi_entity
Vikram Joshi was seen entering Bhiwandi Distribution Hub.,"[[0, 12, ""PERSON""], [31, 56, ""FAC""]]",facility_context
The crime scene report showed that Md. Arif Khan had contacted Nova Components.,"[[35, 48, ""PERSON""], [63, 78, ""ORG""]]",contrastive_negative
Police located Ayesha Khan near Nhava Sheva Port Area.,"[[15, 26, ""PERSON""], [32, 53, ""LOC""]]",multi_entity
Priya Nair worked with National Freight Corporation in Pune.,"[[0, 10, ""PERSON""], [23, 51, ""ORG""], [55, 59, ""GPE""]]",multi_entity
Officers searched the area around Powai Lake Road.,"[[34, 49, ""LOC""]]",location_context
The team reviewed the Location Surveillance Record before questioning Rohan Mehta.,"[[70, 81, ""PERSON""]]",hard_negative
Police located Sameer Khan near Dharavi.,"[[15, 26, ""PERSON""], [32, 39, ""LOC""]]",multi_entity
"The investigation report mentioned M. A. Khan, Rajiv Bansal, and Maharashtra State Bank.","[[35, 45, ""PERSON""], [47, 59, ""PERSON""], [65, 87, ""ORG""]]",complex
Shakti Traders was named in the FIR reviewed by investigators.,"[[0, 14, ""ORG""]]",contrastive_negative
Rohan Mehta transferred money to City Cargo Services from Bengaluru.,"[[0, 11, ""PERSON""], [33, 52, ""ORG""], [58, 67, ""GPE""]]",multi_entity
The arrest memo was reviewed by the investigating officer.,[],hard_negative
"Rajiv Bansal transferred funds to Western Freight Solutions, while Karan Sethi contacted National Freight Corporation.","[[0, 12, ""PERSON""], [34, 59, ""ORG""], [67, 78, ""PERSON""], [89, 117, ""ORG""]]",complex
Metro Logistics Pvt Ltd supplied invoices to investigators.,"[[0, 23, ""ORG""]]",org_context
Neeraj Shah met an employee of DM Trading Services near Dharavi.,"[[0, 11, ""PERSON""], [31, 50, ""ORG""], [56, 63, ""LOC""]]",multi_entity
Funds moved from an account linked to Rajiv Bansal into National Freight Corporation.,"[[38, 50, ""PERSON""], [56, 84, ""ORG""]]",multi_entity
Nova Components was named in the Location Surveillance Records reviewed by investigators.,"[[0, 15, ""ORG""]]",contrastive_negative
Imran Sheikh travelled from Hyderabad to Ahmedabad with Arjun Patel.,"[[0, 12, ""PERSON""], [28, 37, ""GPE""], [41, 50, ""GPE""], [56, 67, ""PERSON""]]",complex
Md. Arif Khan worked with Shakti Traders in Surat.,"[[0, 13, ""PERSON""], [26, 40, ""ORG""], [44, 49, ""GPE""]]",multi_entity
Investigators collected the CCTV footage for further examination.,[],hard_negative
Investigators traced the shipment from Surat to Dharavi.,"[[39, 44, ""GPE""], [48, 55, ""LOC""]]",multi_entity
DM Trading Services submitted invoices from its Surat office.,"[[0, 19, ""ORG""], [48, 53, ""GPE""]]",multi_entity
Mohammed Arif Khan appeared in the Call Detail Records.,"[[0, 18, ""PERSON""]]",hard_negative
The Location Surveillance Records contained references to Priya Nair and Maharashtra State Bank.,"[[58, 68, ""PERSON""], [73, 95, ""ORG""]]",contrastive_negative
The evidence log contained references to Suresh Iyer and Prime Warehousing.,"[[41, 52, ""PERSON""], [57, 74, ""ORG""]]",contrastive_negative
The bank records was linked to an incident in Nagpur.,"[[46, 52, ""GPE""]]",hard_negative
Rajiv Bansal worked with Maharashtra State Bank in Chennai.,"[[0, 12, ""PERSON""], [25, 47, ""ORG""], [51, 58, ""GPE""]]",multi_entity
Entries in the mobile extraction report were compared with bank transactions.,[],hard_negative
The investigation report mentioned Priya Nair.,"[[35, 45, ""PERSON""]]",hard_negative
Investigators compared the arrest memo with records from City Cargo Services.,"[[57, 76, ""ORG""]]",contrastive_negative
Funds moved from an account linked to Neeraj Shah into Maharashtra State Bank.,"[[38, 49, ""PERSON""], [55, 77, ""ORG""]]",multi_entity
Prime Warehousing maintained an office in Delhi.,"[[0, 17, ""ORG""], [42, 47, ""GPE""]]",org_context
Police located Neeraj Shah near Powai Lake Road.,"[[15, 26, ""PERSON""], [32, 47, ""LOC""]]",multi_entity
The CCTV record mentioned Suresh Iyer.,"[[26, 37, ""PERSON""]]",hard_negative
Vikram Joshi was seen entering Turbhe Warehouse No. 4.,"[[0, 12, ""PERSON""], [31, 53, ""FAC""]]",facility_context
"The forensic report mentioned Ayesha Khan, Md. Arif Khan, and BlueLine Transport.","[[30, 41, ""PERSON""], [43, 56, ""PERSON""], [62, 80, ""ORG""]]",complex
Karan Sethi worked with Nova Components in Delhi.,"[[0, 11, ""PERSON""], [24, 39, ""ORG""], [43, 48, ""GPE""]]",multi_entity
Md. Arif Khan appeared in the crime scene report.,"[[0, 13, ""PERSON""]]",hard_negative
The station diary entry contained references to Ananya Sharma and National Freight Corporation.,"[[48, 61, ""PERSON""], [66, 94, ""ORG""]]",contrastive_negative
The control room log showed that Karan Sethi had contacted Prime Warehousing.,"[[33, 44, ""PERSON""], [59, 76, ""ORG""]]",contrastive_negative
Western Freight Solutions maintained an office in Bengaluru.,"[[0, 25, ""ORG""], [50, 59, ""GPE""]]",org_context
The CCTV record was reviewed by the investigating officer.,[],hard_negative
Priya Nair travelled from Ahmedabad to Pune with Arjun Patel.,"[[0, 10, ""PERSON""], [26, 35, ""GPE""], [39, 43, ""GPE""], [49, 60, ""PERSON""]]",complex
"According to the Location Surveillance Record, Mohammed Arif Khan visited City Cargo Services in Indore.","[[47, 65, ""PERSON""], [74, 93, ""ORG""], [97, 103, ""GPE""]]",contrastive_negative
Police located S. Iyer near Mumbai-Pune Expressway.,"[[15, 22, ""PERSON""], [28, 50, ""LOC""]]",multi_entity
Mohit Chawla worked with BlueLine Transport in Bengaluru.,"[[0, 12, ""PERSON""], [25, 43, ""ORG""], [47, 56, ""GPE""]]",multi_entity
Ravi Deshmukh travelled from Bengaluru to Delhi with Sameer Khan.,"[[0, 13, ""PERSON""], [29, 38, ""GPE""], [42, 47, ""GPE""], [53, 64, ""PERSON""]]",complex
Investigators traced the shipment from Pune to Nhava Sheva Port Area.,"[[39, 43, ""GPE""], [47, 68, ""LOC""]]",multi_entity
"The incident report mentioned Priya Nair, Vikram Joshi, and City Cargo Services.","[[30, 40, ""PERSON""], [42, 54, ""PERSON""], [60, 79, ""ORG""]]",complex
The Case File contained references to Priya Nair and Shakti Traders.,"[[38, 48, ""PERSON""], [53, 67, ""ORG""]]",contrastive_negative
National Freight Corporation submitted invoices from its Surat office.,"[[0, 28, ""ORG""], [57, 62, ""GPE""]]",multi_entity
Imran Sheikh travelled from Bengaluru to Delhi with Ayesha Khan.,"[[0, 12, ""PERSON""], [28, 37, ""GPE""], [41, 46, ""GPE""], [52, 63, ""PERSON""]]",complex
Vikram Joshi transferred money to City Cargo Services from Navi Mumbai.,"[[0, 12, ""PERSON""], [34, 53, ""ORG""], [59, 70, ""GPE""]]",multi_entity
The evidence log showed that Mohit Chawla had contacted DM Trading Services.,"[[29, 41, ""PERSON""], [56, 75, ""ORG""]]",contrastive_negative
Investigators collected the Location Surveillance Records for further examination.,[],hard_negative
Rajiv Bansal was observed outside Prime Warehousing in Chennai.,"[[0, 12, ""PERSON""], [34, 51, ""ORG""], [55, 62, ""GPE""]]",multi_entity
M. A. Khan met an employee of Nova Components near Andheri East.,"[[0, 10, ""PERSON""], [30, 45, ""ORG""], [51, 63, ""LOC""]]",multi_entity
The CCTV footage contained references to Mohit Chawla and Shakti Traders.,"[[41, 53, ""PERSON""], [58, 72, ""ORG""]]",contrastive_negative
"The station diary entry mentioned Arjun Patel, Sameer Khan, and Prime Warehousing.","[[34, 45, ""PERSON""], [47, 58, ""PERSON""], [64, 81, ""ORG""]]",complex
City Cargo Services maintained an office in Mumbai.,"[[0, 19, ""ORG""], [44, 50, ""GPE""]]",org_context
The consignment was moved through Delhi.,"[[34, 39, ""GPE""]]",location_context
Apex Distributors operates a warehouse in Indore.,"[[0, 17, ""ORG""], [42, 48, ""GPE""]]",multi_entity
Neeraj Shah travelled from Pune to Thane with Ayesha Khan.,"[[0, 11, ""PERSON""], [27, 31, ""GPE""], [35, 40, ""GPE""], [46, 57, ""PERSON""]]",complex
Goods were stored at Vashi Logistics Yard.,"[[21, 41, ""FAC""]]",facility_context
The Case File contained references to Arjun Patel and KS Electronics.,"[[38, 49, ""PERSON""], [54, 68, ""ORG""]]",contrastive_negative
The vehicle associated with M. A. Khan was found near Nhava Sheva Port Area.,"[[28, 38, ""PERSON""], [54, 75, ""LOC""]]",multi_entity
Mohammed Arif Khan was seen entering Bhiwandi Distribution Hub.,"[[0, 18, ""PERSON""], [37, 62, ""FAC""]]",facility_context
The suspect travelled from Bengaluru to Kochi.,"[[27, 36, ""GPE""], [40, 45, ""GPE""]]",location_context
Mohammed Arif Khan worked with Prime Warehousing in Surat.,"[[0, 18, ""PERSON""], [31, 48, ""ORG""], [52, 57, ""GPE""]]",multi_entity
The team reviewed the CCTV records before questioning M. A. Khan.,"[[54, 64, ""PERSON""]]",hard_negative
Ananya Sharma and Ayesha Khan met representatives of Metro Logistics Pvt Ltd in Delhi.,"[[0, 13, ""PERSON""], [18, 29, ""PERSON""], [53, 76, ""ORG""], [80, 85, ""GPE""]]",complex
Funds moved from an account linked to Rajiv Bansal into Metro Logistics Pvt Ltd.,"[[38, 50, ""PERSON""], [56, 79, ""ORG""]]",multi_entity
The control room log mentioned Ananya Sharma.,"[[31, 44, ""PERSON""]]",hard_negative
National Freight Corporation operates a warehouse in Indore.,"[[0, 28, ""ORG""], [53, 59, ""GPE""]]",multi_entity
KS Electronics submitted invoices from its Bengaluru office.,"[[0, 14, ""ORG""], [43, 52, ""GPE""]]",multi_entity
The crime scene report showed that Vikram Joshi had contacted Nova Components.,"[[35, 47, ""PERSON""], [62, 77, ""ORG""]]",contrastive_negative
The station diary entry was linked to an incident in Pune.,"[[53, 57, ""GPE""]]",hard_negative
The suspect travelled from Indore to Chennai.,"[[27, 33, ""GPE""], [37, 44, ""GPE""]]",location_context
KS Electronics submitted invoices from its Jaipur office.,"[[0, 14, ""ORG""], [43, 49, ""GPE""]]",multi_entity
KS Electronics submitted invoices from its Chennai office.,"[[0, 14, ""ORG""], [43, 50, ""GPE""]]",multi_entity
The consignment was moved through Hyderabad.,"[[34, 43, ""GPE""]]",location_context
Investigators compared the vehicle movement record with records from Maharashtra State Bank.,"[[69, 91, ""ORG""]]",contrastive_negative
Police located Arjun Patel near Thane Creek.,"[[15, 26, ""PERSON""], [32, 43, ""LOC""]]",multi_entity
Investigators traced the shipment from Lucknow to Turbhe Industrial Area.,"[[39, 46, ""GPE""], [50, 72, ""LOC""]]",multi_entity
Prime Warehousing operates a warehouse in Surat.,"[[0, 17, ""ORG""], [42, 47, ""GPE""]]",multi_entity
"Priya Nair transferred funds to National Freight Corporation, while M. A. Khan contacted Prime Warehousing.","[[0, 10, ""PERSON""], [32, 60, ""ORG""], [68, 78, ""PERSON""], [89, 106, ""ORG""]]",complex
The arrest memo was linked to an incident in Navi Mumbai.,"[[45, 56, ""GPE""]]",hard_negative
"Karan Sethi transferred funds to Apex Distributors, while Ananya Sharma contacted Maharashtra State Bank.","[[0, 11, ""PERSON""], [33, 50, ""ORG""], [58, 71, ""PERSON""], [82, 104, ""ORG""]]",complex
The team reviewed the investigation report before questioning Ravi Deshmukh.,"[[62, 75, ""PERSON""]]",hard_negative
The bank records showed that Suresh Iyer had contacted City Cargo Services.,"[[29, 40, ""PERSON""], [55, 74, ""ORG""]]",contrastive_negative
The mobile extraction report was linked to an incident in Bengaluru.,"[[58, 67, ""GPE""]]",hard_negative
The bank records mentioned Ananya Sharma.,"[[27, 40, ""PERSON""]]",hard_negative
The team reviewed the CCTV record before questioning Neeraj Shah.,"[[53, 64, ""PERSON""]]",hard_negative
Mohammed Arif Khan appeared in the bank records.,"[[0, 18, ""PERSON""]]",hard_negative
The crime scene report contained references to Ananya Sharma and Western Freight Solutions.,"[[47, 60, ""PERSON""], [65, 90, ""ORG""]]",contrastive_negative
The case file mentioned Priya Nair.,"[[24, 34, ""PERSON""]]",hard_negative
Suresh Iyer worked with Western Freight Solutions in Ahmedabad.,"[[0, 11, ""PERSON""], [24, 49, ""ORG""], [53, 62, ""GPE""]]",multi_entity
Maharashtra State Bank submitted invoices from its Indore office.,"[[0, 22, ""ORG""], [51, 57, ""GPE""]]",multi_entity
Karan Sethi worked with Metro Logistics Pvt Ltd in Delhi.,"[[0, 11, ""PERSON""], [24, 47, ""ORG""], [51, 56, ""GPE""]]",multi_entity
"The Location Surveillance Record mentioned Md. Arif Khan, Neeraj Shah, and DM Trading Services.","[[43, 56, ""PERSON""], [58, 69, ""PERSON""], [75, 94, ""ORG""]]",complex
Investigators traced the shipment from Ahmedabad to Mumbai-Pune Expressway.,"[[39, 48, ""GPE""], [52, 74, ""LOC""]]",multi_entity
Police located Mohammed Arif Khan near Eastern Express Highway.,"[[15, 33, ""PERSON""], [39, 62, ""LOC""]]",multi_entity
"Imran Sheikh transferred funds to Shakti Traders, while Ayesha Khan contacted Metro Logistics Pvt Ltd.","[[0, 12, ""PERSON""], [34, 48, ""ORG""], [56, 67, ""PERSON""], [78, 101, ""ORG""]]",complex
The vehicle associated with Ananya Sharma was found near Mumbai-Pune Expressway.,"[[28, 41, ""PERSON""], [57, 79, ""LOC""]]",multi_entity
Investigators collected the Case File for further examination.,[],hard_negative
A payment was made to Nova Components.,"[[22, 37, ""ORG""]]",org_context
Neeraj Shah was seen entering Turbhe Warehouse No. 4.,"[[0, 11, ""PERSON""], [30, 52, ""FAC""]]",facility_context
Ananya Sharma transferred money to Apex Distributors from Thane.,"[[0, 13, ""PERSON""], [35, 52, ""ORG""], [58, 63, ""GPE""]]",multi_entity
The CCTV footage showed that R K Sharma had contacted Shakti Traders.,"[[29, 39, ""PERSON""], [54, 68, ""ORG""]]",contrastive_negative
No useful information was found in the bank records.,[],hard_negative
Ananya Sharma travelled from Navi Mumbai to Chennai with Neeraj Shah.,"[[0, 13, ""PERSON""], [29, 40, ""GPE""], [44, 51, ""GPE""], [57, 68, ""PERSON""]]",complex
"According to the witness statement, Sameer Khan visited Shakti Traders in Jaipur.","[[36, 47, ""PERSON""], [56, 70, ""ORG""], [74, 80, ""GPE""]]",contrastive_negative
The station diary entry contained references to R K Sharma and Prime Warehousing.,"[[48, 58, ""PERSON""], [63, 80, ""ORG""]]",contrastive_negative
Investigators collected the financial records for further examination.,[],hard_negative
"Ananya Sharma transferred funds to DM Trading Services, while Dev Malhotra contacted Shakti Traders.","[[0, 13, ""PERSON""], [35, 54, ""ORG""], [62, 74, ""PERSON""], [85, 99, ""ORG""]]",complex
The directors of KS Electronics were questioned.,"[[17, 31, ""ORG""]]",org_context
"R K Sharma transferred funds to Shakti Traders, while Neeraj Shah contacted City Cargo Services.","[[0, 10, ""PERSON""], [32, 46, ""ORG""], [54, 65, ""PERSON""], [76, 95, ""ORG""]]",complex
Investigators traced the shipment from Nagpur to Andheri East.,"[[39, 45, ""GPE""], [49, 61, ""LOC""]]",multi_entity
Suresh Iyer was observed outside City Cargo Services in Bengaluru.,"[[0, 11, ""PERSON""], [33, 52, ""ORG""], [56, 65, ""GPE""]]",multi_entity
The team reviewed the Case File before questioning Ananya Sharma.,"[[51, 64, ""PERSON""]]",hard_negative
The vehicle associated with Ananya Sharma was found near Vashi Sector 17.,"[[28, 41, ""PERSON""], [57, 72, ""LOC""]]",multi_entity
The FIR record was reviewed by the investigating officer.,[],hard_negative
Records from City Cargo Services were collected by police.,"[[13, 32, ""ORG""]]",org_context
Records from Western Freight Solutions were collected by police.,"[[13, 38, ""ORG""]]",org_context
KS Electronics was named in the Call Detail Records reviewed by investigators.,"[[0, 14, ""ORG""]]",contrastive_negative
Mohit Chawla appeared in the investigation report.,"[[0, 12, ""PERSON""]]",hard_negative
The team reviewed the police report before questioning S. Iyer.,"[[55, 62, ""PERSON""]]",hard_negative
The team reviewed the CCTV record before questioning Ravi Deshmukh.,"[[53, 66, ""PERSON""]]",hard_negative
The vehicle was located near Andheri East.,"[[29, 41, ""LOC""]]",location_context
Western Freight Solutions operates a warehouse in Nagpur.,"[[0, 25, ""ORG""], [50, 56, ""GPE""]]",multi_entity
National Freight Corporation submitted invoices from its Mumbai office.,"[[0, 28, ""ORG""], [57, 63, ""GPE""]]",multi_entity
The suspect travelled from Hyderabad to Mumbai.,"[[27, 36, ""GPE""], [40, 46, ""GPE""]]",location_context
Investigators traced the shipment from Pune to Turbhe Industrial Area.,"[[39, 43, ""GPE""], [47, 69, ""LOC""]]",multi_entity
The team reviewed the incident report before questioning Sameer Khan.,"[[57, 68, ""PERSON""]]",hard_negative
Imran Sheikh transferred money to Shakti Traders from Ahmedabad.,"[[0, 12, ""PERSON""], [34, 48, ""ORG""], [54, 63, ""GPE""]]",multi_entity
Investigators traced the shipment from Chennai to Mumbai-Pune Expressway.,"[[39, 46, ""GPE""], [50, 72, ""LOC""]]",multi_entity
Dev Malhotra met an employee of City Cargo Services near Vashi Sector 17.,"[[0, 12, ""PERSON""], [32, 51, ""ORG""], [57, 72, ""LOC""]]",multi_entity
Funds moved from an account linked to M. A. Khan into BlueLine Transport.,"[[38, 48, ""PERSON""], [54, 72, ""ORG""]]",multi_entity
"According to the surveillance record, Ayesha Khan visited DM Trading Services in Lucknow.","[[38, 49, ""PERSON""], [58, 77, ""ORG""], [81, 88, ""GPE""]]",contrastive_negative
Investigators traced the shipment from Hyderabad to Andheri East.,"[[39, 48, ""GPE""], [52, 64, ""LOC""]]",multi_entity
The arrest memo showed that Arjun Patel had contacted Metro Logistics Pvt Ltd.,"[[28, 39, ""PERSON""], [54, 77, ""ORG""]]",contrastive_negative
The incident occurred in Bengaluru.,"[[25, 34, ""GPE""]]",location_context
The CCTV records contained references to Ananya Sharma and Shakti Traders.,"[[41, 54, ""PERSON""], [59, 73, ""ORG""]]",contrastive_negative
The Location Surveillance Record was linked to an incident in Hyderabad.,"[[62, 71, ""GPE""]]",hard_negative
Entries in the Case File were compared with bank transactions.,[],hard_negative
Maharashtra State Bank submitted invoices from its Surat office.,"[[0, 22, ""ORG""], [51, 56, ""GPE""]]",multi_entity
Investigators traced the shipment from Ahmedabad to Nhava Sheva Port Area.,"[[39, 48, ""GPE""], [52, 73, ""LOC""]]",multi_entity
The Location Surveillance Record showed that Arjun Patel had contacted Shakti Traders.,"[[45, 56, ""PERSON""], [71, 85, ""ORG""]]",contrastive_negative
Sameer Khan appeared in the bank records.,"[[0, 11, ""PERSON""]]",hard_negative
The team reviewed the vehicle movement record before questioning R K Sharma.,"[[65, 75, ""PERSON""]]",hard_negative
Funds moved from an account linked to Vikram Joshi into Metro Logistics Pvt Ltd.,"[[38, 50, ""PERSON""], [56, 79, ""ORG""]]",multi_entity
Metro Logistics Pvt Ltd operates a warehouse in Indore.,"[[0, 23, ""ORG""], [48, 54, ""GPE""]]",multi_entity
"The surveillance record mentioned Md. Arif Khan, Dev Malhotra, and Apex Distributors.","[[34, 47, ""PERSON""], [49, 61, ""PERSON""], [67, 84, ""ORG""]]",complex
Shakti Traders was named in the FIR record reviewed by investigators.,"[[0, 14, ""ORG""]]",contrastive_negative
Imran Sheikh appeared in the surveillance records.,"[[0, 12, ""PERSON""]]",hard_negative
Vikram Joshi appeared in the vehicle movement record.,"[[0, 12, ""PERSON""]]",hard_negative
DM Trading Services was named in the investigation report reviewed by investigators.,"[[0, 19, ""ORG""]]",contrastive_negative
Funds moved from an account linked to Imran Sheikh into City Cargo Services.,"[[38, 50, ""PERSON""], [56, 75, ""ORG""]]",multi_entity
The FIR showed that Rajiv Bansal had contacted National Freight Corporation.,"[[20, 32, ""PERSON""], [47, 75, ""ORG""]]",contrastive_negative
Investigators traced the shipment from Thane to Mumbai-Pune Expressway.,"[[39, 44, ""GPE""], [48, 70, ""LOC""]]",multi_entity
KS Electronics submitted invoices from its Hyderabad office.,"[[0, 14, ""ORG""], [43, 52, ""GPE""]]",multi_entity
"Md. Arif Khan transferred funds to KS Electronics, while Suresh Iyer contacted Prime Warehousing.","[[0, 13, ""PERSON""], [35, 49, ""ORG""], [57, 68, ""PERSON""], [79, 96, ""ORG""]]",complex
Police located Arjun Patel near Andheri East.,"[[15, 26, ""PERSON""], [32, 44, ""LOC""]]",multi_entity
The vehicle associated with Imran Sheikh was found near Thane Creek.,"[[28, 40, ""PERSON""], [56, 67, ""LOC""]]",multi_entity
"Md. Arif Khan transferred funds to BlueLine Transport, while Suresh Iyer contacted DM Trading Services.","[[0, 13, ""PERSON""], [35, 53, ""ORG""], [61, 72, ""PERSON""], [83, 102, ""ORG""]]",complex
"Vikram Joshi transferred funds to Prime Warehousing, while S. Iyer contacted KS Electronics.","[[0, 12, ""PERSON""], [34, 51, ""ORG""], [59, 66, ""PERSON""], [77, 91, ""ORG""]]",complex
S. Iyer was observed outside DM Trading Services in Delhi.,"[[0, 7, ""PERSON""], [29, 48, ""ORG""], [52, 57, ""GPE""]]",multi_entity
City Cargo Services submitted invoices from its Lucknow office.,"[[0, 19, ""ORG""], [48, 55, ""GPE""]]",multi_entity
Arjun Patel transferred money to Apex Distributors from Pune.,"[[0, 11, ""PERSON""], [33, 50, ""ORG""], [56, 60, ""GPE""]]",multi_entity
Karan Sethi transferred money to Apex Distributors from Nagpur.,"[[0, 11, ""PERSON""], [33, 50, ""ORG""], [56, 62, ""GPE""]]",multi_entity
The vehicle associated with Ananya Sharma was found near Nhava Sheva Port Area.,"[[28, 41, ""PERSON""], [57, 78, ""LOC""]]",multi_entity
Police located Priya Nair near Mumbai-Pune Expressway.,"[[15, 25, ""PERSON""], [31, 53, ""LOC""]]",multi_entity
The team reviewed the FIR before questioning Suresh Iyer.,"[[45, 56, ""PERSON""]]",hard_negative
"According to the CDR records, M. A. Khan visited National Freight Corporation in Hyderabad.","[[30, 40, ""PERSON""], [49, 77, ""ORG""], [81, 90, ""GPE""]]",contrastive_negative
Funds moved from an account linked to Ravi Deshmukh into Nova Components.,"[[38, 51, ""PERSON""], [57, 72, ""ORG""]]",multi_entity
The case file showed that Suresh Iyer had contacted National Freight Corporation.,"[[26, 37, ""PERSON""], [52, 80, ""ORG""]]",contrastive_negative
Neeraj Shah was observed outside DM Trading Services in Thane.,"[[0, 11, ""PERSON""], [33, 52, ""ORG""], [56, 61, ""GPE""]]",multi_entity
Metro Logistics Pvt Ltd submitted invoices from its Thane office.,"[[0, 23, ""ORG""], [52, 57, ""GPE""]]",multi_entity
The team reviewed the evidence log before questioning Rohan Mehta.,"[[54, 65, ""PERSON""]]",hard_negative
"According to the Case File, Mohammed Arif Khan visited National Freight Corporation in Chennai.","[[28, 46, ""PERSON""], [55, 83, ""ORG""], [87, 94, ""GPE""]]",contrastive_negative
Nova Components maintained an office in Mumbai.,"[[0, 15, ""ORG""], [40, 46, ""GPE""]]",org_context
Imran Sheikh travelled from Pune to Kochi with Priya Nair.,"[[0, 12, ""PERSON""], [28, 32, ""GPE""], [36, 41, ""GPE""], [47, 57, ""PERSON""]]",complex
Sameer Khan was observed outside Western Freight Solutions in Lucknow.,"[[0, 11, ""PERSON""], [33, 58, ""ORG""], [62, 69, ""GPE""]]",multi_entity
Nova Components was named in the Case File reviewed by investigators.,"[[0, 15, ""ORG""]]",contrastive_negative
Prime Warehousing operates a warehouse in Ahmedabad.,"[[0, 17, ""ORG""], [42, 51, ""GPE""]]",multi_entity
Arjun Patel transferred money to Metro Logistics Pvt Ltd from Chennai.,"[[0, 11, ""PERSON""], [33, 56, ""ORG""], [62, 69, ""GPE""]]",multi_entity
"Priya Nair transferred funds to National Freight Corporation, while Md. Arif Khan contacted Maharashtra State Bank.","[[0, 10, ""PERSON""], [32, 60, ""ORG""], [68, 81, ""PERSON""], [92, 114, ""ORG""]]",complex
Western Freight Solutions submitted invoices from its Surat office.,"[[0, 25, ""ORG""], [54, 59, ""GPE""]]",multi_entity
The police report mentioned Ananya Sharma.,"[[28, 41, ""PERSON""]]",hard_negative
City Cargo Services operates a warehouse in Lucknow.,"[[0, 19, ""ORG""], [44, 51, ""GPE""]]",multi_entity
Rohan Mehta worked with DM Trading Services in Surat.,"[[0, 11, ""PERSON""], [24, 43, ""ORG""], [47, 52, ""GPE""]]",multi_entity
The vehicle was located near Thane Creek.,"[[29, 40, ""LOC""]]",location_context
Nova Components submitted invoices from its Surat office.,"[[0, 15, ""ORG""], [44, 49, ""GPE""]]",multi_entity
The CDR records was linked to an incident in Kochi.,"[[45, 50, ""GPE""]]",hard_negative
The station diary entry contained references to Priya Nair and Nova Components.,"[[48, 58, ""PERSON""], [63, 78, ""ORG""]]",contrastive_negative
Ananya Sharma was observed outside DM Trading Services in Bengaluru.,"[[0, 13, ""PERSON""], [35, 54, ""ORG""], [58, 67, ""GPE""]]",multi_entity
The investigation report contained references to Arjun Patel and Nova Components.,"[[49, 60, ""PERSON""], [65, 80, ""ORG""]]",contrastive_negative
Neeraj Shah and Priya Nair met representatives of Maharashtra State Bank in Surat.,"[[0, 11, ""PERSON""], [16, 26, ""PERSON""], [50, 72, ""ORG""], [76, 81, ""GPE""]]",complex
The bank records mentioned Vikram Joshi.,"[[27, 39, ""PERSON""]]",hard_negative
Dev Malhotra travelled from Mumbai to Bengaluru with Mohit Chawla.,"[[0, 12, ""PERSON""], [28, 34, ""GPE""], [38, 47, ""GPE""], [53, 65, ""PERSON""]]",complex
The witness statement contained references to Mohit Chawla and Metro Logistics Pvt Ltd.,"[[46, 58, ""PERSON""], [63, 86, ""ORG""]]",contrastive_negative
"According to the Location Surveillance Record, Rohan Mehta visited DM Trading Services in Jaipur.","[[47, 58, ""PERSON""], [67, 86, ""ORG""], [90, 96, ""GPE""]]",contrastive_negative
The police report contained references to Mohit Chawla and Metro Logistics Pvt Ltd.,"[[42, 54, ""PERSON""], [59, 82, ""ORG""]]",contrastive_negative
BlueLine Transport maintained an office in Navi Mumbai.,"[[0, 18, ""ORG""], [43, 54, ""GPE""]]",org_context
"According to the surveillance record, Vikram Joshi visited DM Trading Services in Delhi.","[[38, 50, ""PERSON""], [59, 78, ""ORG""], [82, 87, ""GPE""]]",contrastive_negative
Investigators compared the control room log with records from City Cargo Services.,"[[62, 81, ""ORG""]]",contrastive_negative
The vehicle associated with Rohan Mehta was found near Eastern Express Highway.,"[[28, 39, ""PERSON""], [55, 78, ""LOC""]]",multi_entity
Ravi Deshmukh met an employee of National Freight Corporation near Bandra Kurla Complex.,"[[0, 13, ""PERSON""], [33, 61, ""ORG""], [67, 87, ""LOC""]]",multi_entity
Investigators compared the Location Surveillance Record with records from Metro Logistics Pvt Ltd.,"[[74, 97, ""ORG""]]",contrastive_negative
The forensic report was reviewed by the investigating officer.,[],hard_negative
Western Freight Solutions submitted invoices from its Lucknow office.,"[[0, 25, ""ORG""], [54, 61, ""GPE""]]",multi_entity
Apex Distributors rented space at Turbhe Warehouse No. 4.,"[[0, 17, ""ORG""], [34, 56, ""FAC""]]",facility_context
"Vikram Joshi transferred funds to Nova Components, while Mohammed Arif Khan contacted Metro Logistics Pvt Ltd.","[[0, 12, ""PERSON""], [34, 49, ""ORG""], [57, 75, ""PERSON""], [86, 109, ""ORG""]]",complex
Rajiv Bansal worked with National Freight Corporation in Surat.,"[[0, 12, ""PERSON""], [25, 53, ""ORG""], [57, 62, ""GPE""]]",multi_entity
Neeraj Shah was observed outside Maharashtra State Bank in Delhi.,"[[0, 11, ""PERSON""], [33, 55, ""ORG""], [59, 64, ""GPE""]]",multi_entity
"The vehicle movement record mentioned Rajiv Bansal, Ravi Deshmukh, and City Cargo Services.","[[38, 50, ""PERSON""], [52, 65, ""PERSON""], [71, 90, ""ORG""]]",complex
The crime scene report showed that Neeraj Shah had contacted Nova Components.,"[[35, 46, ""PERSON""], [61, 76, ""ORG""]]",contrastive_negative
The surveillance record showed that M. A. Khan had contacted KS Electronics.,"[[36, 46, ""PERSON""], [61, 75, ""ORG""]]",contrastive_negative
Dev Malhotra met an employee of KS Electronics near Powai Lake Road.,"[[0, 12, ""PERSON""], [32, 46, ""ORG""], [52, 67, ""LOC""]]",multi_entity
Ananya Sharma was seen entering Sector 19 Storage Depot.,"[[0, 13, ""PERSON""], [32, 55, ""FAC""]]",facility_context
A payment was made to Metro Logistics Pvt Ltd.,"[[22, 45, ""ORG""]]",org_context
Shakti Traders operates a warehouse in Thane.,"[[0, 14, ""ORG""], [39, 44, ""GPE""]]",multi_entity
Entries in the CCTV records were compared with bank transactions.,[],hard_negative
The investigation report showed that Imran Sheikh had contacted BlueLine Transport.,"[[37, 49, ""PERSON""], [64, 82, ""ORG""]]",contrastive_negative
The incident occurred in Ahmedabad.,"[[25, 34, ""GPE""]]",location_context
"The CCTV footage mentioned Ravi Deshmukh, Ananya Sharma, and DM Trading Services.","[[27, 40, ""PERSON""], [42, 55, ""PERSON""], [61, 80, ""ORG""]]",complex
Records from Metro Logistics Pvt Ltd were collected by police.,"[[13, 36, ""ORG""]]",org_context
"The investigation report mentioned Ayesha Khan, Rohan Mehta, and Western Freight Solutions.","[[35, 46, ""PERSON""], [48, 59, ""PERSON""], [65, 90, ""ORG""]]",complex
S. Iyer appeared in the Case File.,"[[0, 7, ""PERSON""]]",hard_negative
The seizure memo showed that M. A. Khan had contacted BlueLine Transport.,"[[29, 39, ""PERSON""], [54, 72, ""ORG""]]",contrastive_negative
R K Sharma travelled from Ahmedabad to Chennai with Arjun Patel.,"[[0, 10, ""PERSON""], [26, 35, ""GPE""], [39, 46, ""GPE""], [52, 63, ""PERSON""]]",complex
Funds moved from an account linked to S. Iyer into Western Freight Solutions.,"[[38, 45, ""PERSON""], [51, 76, ""ORG""]]",multi_entity
"The financial records mentioned Ravi Deshmukh, Md. Arif Khan, and Maharashtra State Bank.","[[32, 45, ""PERSON""], [47, 60, ""PERSON""], [66, 88, ""ORG""]]",complex
Police searched Andheri Commercial Complex after receiving information.,"[[16, 42, ""FAC""]]",facility_context
Investigators traced the shipment from Navi Mumbai to Vashi Sector 17.,"[[39, 50, ""GPE""], [54, 69, ""LOC""]]",multi_entity
City Cargo Services was named in the surveillance records reviewed by investigators.,"[[0, 19, ""ORG""]]",contrastive_negative
"According to the station diary entry, Rohan Mehta visited DM Trading Services in Thane.","[[38, 49, ""PERSON""], [58, 77, ""ORG""], [81, 86, ""GPE""]]",contrastive_negative
The FIR contained references to Mohammed Arif Khan and BlueLine Transport.,"[[32, 50, ""PERSON""], [55, 73, ""ORG""]]",contrastive_negative
"According to the CDR records, Rohan Mehta visited Metro Logistics Pvt Ltd in Hyderabad.","[[30, 41, ""PERSON""], [50, 73, ""ORG""], [77, 86, ""GPE""]]",contrastive_negative
Police located Karan Sethi near Nhava Sheva Port Area.,"[[15, 26, ""PERSON""], [32, 53, ""LOC""]]",multi_entity
Nova Components submitted invoices from its Ahmedabad office.,"[[0, 15, ""ORG""], [44, 53, ""GPE""]]",multi_entity
Ayesha Khan met an employee of National Freight Corporation near Eastern Express Highway.,"[[0, 11, ""PERSON""], [31, 59, ""ORG""], [65, 88, ""LOC""]]",multi_entity
Vikram Joshi appeared in the incident report.,"[[0, 12, ""PERSON""]]",hard_negative
R K Sharma worked with BlueLine Transport in Kochi.,"[[0, 10, ""PERSON""], [23, 41, ""ORG""], [45, 50, ""GPE""]]",multi_entity
Shakti Traders maintained an office in Mumbai.,"[[0, 14, ""ORG""], [39, 45, ""GPE""]]",org_context
"The arrest memo mentioned R K Sharma, Karan Sethi, and KS Electronics.","[[26, 36, ""PERSON""], [38, 49, ""PERSON""], [55, 69, ""ORG""]]",complex
M. A. Khan travelled from Chennai to Kochi with Karan Sethi.,"[[0, 10, ""PERSON""], [26, 33, ""GPE""], [37, 42, ""GPE""], [48, 59, ""PERSON""]]",complex
The team reviewed the forensic report before questioning Mohammed Arif Khan.,"[[57, 75, ""PERSON""]]",hard_negative
The surveillance record was linked to an incident in Bengaluru.,"[[53, 62, ""GPE""]]",hard_negative
The directors of National Freight Corporation were questioned.,"[[17, 45, ""ORG""]]",org_context
National Freight Corporation maintained an office in Navi Mumbai.,"[[0, 28, ""ORG""], [53, 64, ""GPE""]]",org_context
Investigators traced the shipment from Pune to Andheri East.,"[[39, 43, ""GPE""], [47, 59, ""LOC""]]",multi_entity
The vehicle associated with M. A. Khan was found near Thane Creek.,"[[28, 38, ""PERSON""], [54, 65, ""LOC""]]",multi_entity
The surveillance record mentioned Md. Arif Khan.,"[[34, 47, ""PERSON""]]",hard_negative
"Ananya Sharma transferred funds to Shakti Traders, while Md. Arif Khan contacted KS Electronics.","[[0, 13, ""PERSON""], [35, 49, ""ORG""], [57, 70, ""PERSON""], [81, 95, ""ORG""]]",complex
The suspect travelled from Ahmedabad to Kochi.,"[[27, 36, ""GPE""], [40, 45, ""GPE""]]",location_context
Investigators traced the shipment from Bengaluru to Powai Lake Road.,"[[39, 48, ""GPE""], [52, 67, ""LOC""]]",multi_entity
"The Call Detail Records mentioned Rohan Mehta, M. A. Khan, and Nova Components.","[[34, 45, ""PERSON""], [47, 57, ""PERSON""], [63, 78, ""ORG""]]",complex
Investigators compared the mobile extraction report with records from Shakti Traders.,"[[70, 84, ""ORG""]]",contrastive_negative
The CDR records contained references to Ananya Sharma and Western Freight Solutions.,"[[40, 53, ""PERSON""], [58, 83, ""ORG""]]",contrastive_negative
Records from Shakti Traders were collected by police.,"[[13, 27, ""ORG""]]",org_context
The incident report was linked to an incident in Hyderabad.,"[[49, 58, ""GPE""]]",hard_negative
Arjun Patel worked with Shakti Traders in Lucknow.,"[[0, 11, ""PERSON""], [24, 38, ""ORG""], [42, 49, ""GPE""]]",multi_entity
The vehicle associated with Mohit Chawla was found near Bandra Kurla Complex.,"[[28, 40, ""PERSON""], [56, 76, ""LOC""]]",multi_entity
Ravi Deshmukh and Rohan Mehta met representatives of Nova Components in Bengaluru.,"[[0, 13, ""PERSON""], [18, 29, ""PERSON""], [53, 68, ""ORG""], [72, 81, ""GPE""]]",complex
Investigators compared the FIR record with records from National Freight Corporation.,"[[56, 84, ""ORG""]]",contrastive_negative
"The Call Detail Records mentioned Rohan Mehta, Md. Arif Khan, and BlueLine Transport.","[[34, 45, ""PERSON""], [47, 60, ""PERSON""], [66, 84, ""ORG""]]",complex
"According to the Case File, Sameer Khan visited City Cargo Services in Indore.","[[28, 39, ""PERSON""], [48, 67, ""ORG""], [71, 77, ""GPE""]]",contrastive_negative
Dev Malhotra travelled from Thane to Lucknow with S. Iyer.,"[[0, 12, ""PERSON""], [28, 33, ""GPE""], [37, 44, ""GPE""], [50, 57, ""PERSON""]]",complex
The vehicle associated with Karan Sethi was found near Mumbai-Pune Expressway.,"[[28, 39, ""PERSON""], [55, 77, ""LOC""]]",multi_entity
The CDR records contained references to Vikram Joshi and National Freight Corporation.,"[[40, 52, ""PERSON""], [57, 85, ""ORG""]]",contrastive_negative
Prime Warehousing maintained an office in Surat.,"[[0, 17, ""ORG""], [42, 47, ""GPE""]]",org_context
"According to the CDR records, Mohit Chawla visited Apex Distributors in Nagpur.","[[30, 42, ""PERSON""], [51, 68, ""ORG""], [72, 78, ""GPE""]]",contrastive_negative
The crime scene report was reviewed by the investigating officer.,[],hard_negative
"The CCTV records mentioned Dev Malhotra, M. A. Khan, and KS Electronics.","[[27, 39, ""PERSON""], [41, 51, ""PERSON""], [57, 71, ""ORG""]]",complex
"The financial records mentioned Ananya Sharma, Dev Malhotra, and Nova Components.","[[32, 45, ""PERSON""], [47, 59, ""PERSON""], [65, 80, ""ORG""]]",complex
Funds moved from an account linked to Mohit Chawla into DM Trading Services.,"[[38, 50, ""PERSON""], [56, 75, ""ORG""]]",multi_entity
The CCTV record showed that S. Iyer had contacted Nova Components.,"[[28, 35, ""PERSON""], [50, 65, ""ORG""]]",contrastive_negative
The FIR contained references to Karan Sethi and National Freight Corporation.,"[[32, 43, ""PERSON""], [48, 76, ""ORG""]]",contrastive_negative
"Vikram Joshi transferred funds to National Freight Corporation, while Rajiv Bansal contacted Apex Distributors.","[[0, 12, ""PERSON""], [34, 62, ""ORG""], [70, 82, ""PERSON""], [93, 110, ""ORG""]]",complex
"Rohan Mehta transferred funds to Apex Distributors, while Sameer Khan contacted Prime Warehousing.","[[0, 11, ""PERSON""], [33, 50, ""ORG""], [58, 69, ""PERSON""], [80, 97, ""ORG""]]",complex
Rajiv Bansal appeared in the forensic report.,"[[0, 12, ""PERSON""]]",hard_negative
"The arrest memo mentioned Ayesha Khan, Sameer Khan, and BlueLine Transport.","[[26, 37, ""PERSON""], [39, 50, ""PERSON""], [56, 74, ""ORG""]]",complex
"According to the financial records, Mohammed Arif Khan visited Shakti Traders in Thane.","[[36, 54, ""PERSON""], [63, 77, ""ORG""], [81, 86, ""GPE""]]",contrastive_negative
The Call Detail Records mentioned Ananya Sharma.,"[[34, 47, ""PERSON""]]",hard_negative
Nova Components submitted invoices from its Lucknow office.,"[[0, 15, ""ORG""], [44, 51, ""GPE""]]",multi_entity
The financial records showed that Rajiv Bansal had contacted National Freight Corporation.,"[[34, 46, ""PERSON""], [61, 89, ""ORG""]]",contrastive_negative
Prime Warehousing was named in the Location Surveillance Records reviewed by investigators.,"[[0, 17, ""ORG""]]",contrastive_negative
Investigators compared the arrest memo with records from National Freight Corporation.,"[[57, 85, ""ORG""]]",contrastive_negative
Investigators compared the vehicle movement record with records from Metro Logistics Pvt Ltd.,"[[69, 92, ""ORG""]]",contrastive_negative
Entries in the Location Surveillance Record were compared with bank transactions.,[],hard_negative
Entries in the CDR records were compared with bank transactions.,[],hard_negative
The FIR contained references to Dev Malhotra and BlueLine Transport.,"[[32, 44, ""PERSON""], [49, 67, ""ORG""]]",contrastive_negative
Rohan Mehta transferred money to DM Trading Services from Kochi.,"[[0, 11, ""PERSON""], [33, 52, ""ORG""], [58, 63, ""GPE""]]",multi_entity
"The Case File mentioned Md. Arif Khan, Arjun Patel, and National Freight Corporation.","[[24, 37, ""PERSON""], [39, 50, ""PERSON""], [56, 84, ""ORG""]]",complex
The evidence log mentioned Ayesha Khan.,"[[27, 38, ""PERSON""]]",hard_negative
"The Location Surveillance Records mentioned Suresh Iyer, Ravi Deshmukh, and KS Electronics.","[[44, 55, ""PERSON""], [57, 70, ""PERSON""], [76, 90, ""ORG""]]",complex
KS Electronics maintained an office in Navi Mumbai.,"[[0, 14, ""ORG""], [39, 50, ""GPE""]]",org_context
Priya Nair travelled from Bengaluru to Lucknow with Karan Sethi.,"[[0, 10, ""PERSON""], [26, 35, ""GPE""], [39, 46, ""GPE""], [52, 63, ""PERSON""]]",complex
Ravi Deshmukh transferred money to Apex Distributors from Ahmedabad.,"[[0, 13, ""PERSON""], [35, 52, ""ORG""], [58, 67, ""GPE""]]",multi_entity
S. Iyer transferred money to Nova Components from Kochi.,"[[0, 7, ""PERSON""], [29, 44, ""ORG""], [50, 55, ""GPE""]]",multi_entity
Police located Dev Malhotra near Thane Creek.,"[[15, 27, ""PERSON""], [33, 44, ""LOC""]]",multi_entity
"According to the mobile extraction report, Rajiv Bansal visited Prime Warehousing in Nagpur.","[[43, 55, ""PERSON""], [64, 81, ""ORG""], [85, 91, ""GPE""]]",contrastive_negative
BlueLine Transport submitted invoices from its Lucknow office.,"[[0, 18, ""ORG""], [47, 54, ""GPE""]]",multi_entity
Investigators traced the shipment from Indore to Thane Creek.,"[[39, 45, ""GPE""], [49, 60, ""LOC""]]",multi_entity
Arjun Patel appeared in the FIR record.,"[[0, 11, ""PERSON""]]",hard_negative
Priya Nair was observed outside Prime Warehousing in Lucknow.,"[[0, 10, ""PERSON""], [32, 49, ""ORG""], [53, 60, ""GPE""]]",multi_entity
Investigators traced the shipment from Mumbai to Andheri East.,"[[39, 45, ""GPE""], [49, 61, ""LOC""]]",multi_entity
The suspect travelled from Pune to Chennai.,"[[27, 31, ""GPE""], [35, 42, ""GPE""]]",location_context
BlueLine Transport operates a warehouse in Surat.,"[[0, 18, ""ORG""], [43, 48, ""GPE""]]",multi_entity
The vehicle was located near Mumbai-Pune Expressway.,"[[29, 51, ""LOC""]]",location_context
"According to the station diary entry, Karan Sethi visited National Freight Corporation in Hyderabad.","[[38, 49, ""PERSON""], [58, 86, ""ORG""], [90, 99, ""GPE""]]",contrastive_negative
S. Iyer and Sameer Khan met representatives of Metro Logistics Pvt Ltd in Indore.,"[[0, 7, ""PERSON""], [12, 23, ""PERSON""], [47, 70, ""ORG""], [74, 80, ""GPE""]]",complex
Karan Sethi met an employee of KS Electronics near Eastern Express Highway.,"[[0, 11, ""PERSON""], [31, 45, ""ORG""], [51, 74, ""LOC""]]",multi_entity
"Sameer Khan transferred funds to Shakti Traders, while Mohammed Arif Khan contacted Western Freight Solutions.","[[0, 11, ""PERSON""], [33, 47, ""ORG""], [55, 73, ""PERSON""], [84, 109, ""ORG""]]",complex
Arjun Patel met an employee of Western Freight Solutions near Thane Creek.,"[[0, 11, ""PERSON""], [31, 56, ""ORG""], [62, 73, ""LOC""]]",multi_entity
Apex Distributors operates a warehouse in Kochi.,"[[0, 17, ""ORG""], [42, 47, ""GPE""]]",multi_entity
The team reviewed the police report before questioning Karan Sethi.,"[[55, 66, ""PERSON""]]",hard_negative
Ananya Sharma travelled from Jaipur to Delhi with S. Iyer.,"[[0, 13, ""PERSON""], [29, 35, ""GPE""], [39, 44, ""GPE""], [50, 57, ""PERSON""]]",complex
The incident occurred in Lucknow.,"[[25, 32, ""GPE""]]",location_context
Imran Sheikh transferred money to City Cargo Services from Lucknow.,"[[0, 12, ""PERSON""], [34, 53, ""ORG""], [59, 66, ""GPE""]]",multi_entity
Mohammed Arif Khan worked with Metro Logistics Pvt Ltd in Ahmedabad.,"[[0, 18, ""PERSON""], [31, 54, ""ORG""], [58, 67, ""GPE""]]",multi_entity
Neeraj Shah travelled from Navi Mumbai to Mumbai with Rohan Mehta.,"[[0, 11, ""PERSON""], [27, 38, ""GPE""], [42, 48, ""GPE""], [54, 65, ""PERSON""]]",complex
Priya Nair transferred money to Maharashtra State Bank from Pune.,"[[0, 10, ""PERSON""], [32, 54, ""ORG""], [60, 64, ""GPE""]]",multi_entity
R K Sharma transferred money to Shakti Traders from Ahmedabad.,"[[0, 10, ""PERSON""], [32, 46, ""ORG""], [52, 61, ""GPE""]]",multi_entity
Dev Malhotra and Mohammed Arif Khan met representatives of Nova Components in Hyderabad.,"[[0, 12, ""PERSON""], [17, 35, ""PERSON""], [59, 74, ""ORG""], [78, 87, ""GPE""]]",complex
KS Electronics submitted invoices from its Indore office.,"[[0, 14, ""ORG""], [43, 49, ""GPE""]]",multi_entity
Metro Logistics Pvt Ltd was named in the CCTV records reviewed by investigators.,"[[0, 23, ""ORG""]]",contrastive_negative
S. Iyer transferred money to Shakti Traders from Surat.,"[[0, 7, ""PERSON""], [29, 43, ""ORG""], [49, 54, ""GPE""]]",multi_entity
Mohammed Arif Khan and Suresh Iyer met representatives of National Freight Corporation in Lucknow.,"[[0, 18, ""PERSON""], [23, 34, ""PERSON""], [58, 86, ""ORG""], [90, 97, ""GPE""]]",complex
Mohammed Arif Khan appeared in the mobile extraction report.,"[[0, 18, ""PERSON""]]",hard_negative
The vehicle associated with Dev Malhotra was found near Mumbai-Pune Expressway.,"[[28, 40, ""PERSON""], [56, 78, ""LOC""]]",multi_entity
Police located Ananya Sharma near Turbhe Industrial Area.,"[[15, 28, ""PERSON""], [34, 56, ""LOC""]]",multi_entity
Ayesha Khan was observed outside KS Electronics in Hyderabad.,"[[0, 11, ""PERSON""], [33, 47, ""ORG""], [51, 60, ""GPE""]]",multi_entity
Mohit Chawla and Rajiv Bansal met representatives of National Freight Corporation in Kochi.,"[[0, 12, ""PERSON""], [17, 29, ""PERSON""], [53, 81, ""ORG""], [85, 90, ""GPE""]]",complex
Nova Components submitted invoices from its Delhi office.,"[[0, 15, ""ORG""], [44, 49, ""GPE""]]",multi_entity
Imran Sheikh worked with KS Electronics in Surat.,"[[0, 12, ""PERSON""], [25, 39, ""ORG""], [43, 48, ""GPE""]]",multi_entity
The Case File mentioned Rohan Mehta.,"[[24, 35, ""PERSON""]]",hard_negative
"The control room log mentioned Suresh Iyer, Priya Nair, and City Cargo Services.","[[31, 42, ""PERSON""], [44, 54, ""PERSON""], [60, 79, ""ORG""]]",complex
Metro Logistics Pvt Ltd operates a warehouse in Lucknow.,"[[0, 23, ""ORG""], [48, 55, ""GPE""]]",multi_entity
Apex Distributors operates a warehouse in Hyderabad.,"[[0, 17, ""ORG""], [42, 51, ""GPE""]]",multi_entity
Arjun Patel was seen entering Sector 19 Storage Depot.,"[[0, 11, ""PERSON""], [30, 53, ""FAC""]]",facility_context
Dev Malhotra and Ravi Deshmukh met representatives of DM Trading Services in Indore.,"[[0, 12, ""PERSON""], [17, 30, ""PERSON""], [54, 73, ""ORG""], [77, 83, ""GPE""]]",complex
"The arrest memo mentioned Imran Sheikh, Priya Nair, and Apex Distributors.","[[26, 38, ""PERSON""], [40, 50, ""PERSON""], [56, 73, ""ORG""]]",complex
Md. Arif Khan travelled from Jaipur to Ahmedabad with Rajiv Bansal.,"[[0, 13, ""PERSON""], [29, 35, ""GPE""], [39, 48, ""GPE""], [54, 66, ""PERSON""]]",complex
The vehicle associated with Sameer Khan was found near Dharavi.,"[[28, 39, ""PERSON""], [55, 62, ""LOC""]]",multi_entity
The CDR records contained references to Mohit Chawla and City Cargo Services.,"[[40, 52, ""PERSON""], [57, 76, ""ORG""]]",contrastive_negative
The vehicle associated with Priya Nair was found near Bandra Kurla Complex.,"[[28, 38, ""PERSON""], [54, 74, ""LOC""]]",multi_entity
The consignment was moved through Bengaluru.,"[[34, 43, ""GPE""]]",location_context
M. A. Khan was observed outside City Cargo Services in Bengaluru.,"[[0, 10, ""PERSON""], [32, 51, ""ORG""], [55, 64, ""GPE""]]",multi_entity
The surveillance records contained references to Imran Sheikh and KS Electronics.,"[[49, 61, ""PERSON""], [66, 80, ""ORG""]]",contrastive_negative
Funds moved from an account linked to Md. Arif Khan into Maharashtra State Bank.,"[[38, 51, ""PERSON""], [57, 79, ""ORG""]]",multi_entity
Police located Suresh Iyer near Eastern Express Highway.,"[[15, 26, ""PERSON""], [32, 55, ""LOC""]]",multi_entity
Police located Rajiv Bansal near Nhava Sheva Port Area.,"[[15, 27, ""PERSON""], [33, 54, ""LOC""]]",multi_entity
"According to the financial records, Karan Sethi visited KS Electronics in Chennai.","[[36, 47, ""PERSON""], [56, 70, ""ORG""], [74, 81, ""GPE""]]",contrastive_negative
Police located Imran Sheikh near Vashi Sector 17.,"[[15, 27, ""PERSON""], [33, 48, ""LOC""]]",multi_entity
The incident report showed that Imran Sheikh had contacted Maharashtra State Bank.,"[[32, 44, ""PERSON""], [59, 81, ""ORG""]]",contrastive_negative
The incident occurred in Surat.,"[[25, 30, ""GPE""]]",location_context
The CCTV records was reviewed by the investigating officer.,[],hard_negative
R K Sharma appeared in the police report.,"[[0, 10, ""PERSON""]]",hard_negative
"Priya Nair transferred funds to Western Freight Solutions, while Mohammed Arif Khan contacted Nova Components.","[[0, 10, ""PERSON""], [32, 57, ""ORG""], [65, 83, ""PERSON""], [94, 109, ""ORG""]]",complex
The FIR record was linked to an incident in Navi Mumbai.,"[[44, 55, ""GPE""]]",hard_negative
The Location Surveillance Records contained references to Priya Nair and Metro Logistics Pvt Ltd.,"[[58, 68, ""PERSON""], [73, 96, ""ORG""]]",contrastive_negative
"The station diary entry mentioned Vikram Joshi, Suresh Iyer, and Apex Distributors.","[[34, 46, ""PERSON""], [48, 59, ""PERSON""], [65, 82, ""ORG""]]",complex
The vehicle was located near Dharavi.,"[[29, 36, ""LOC""]]",location_context
Funds moved from an account linked to Ayesha Khan into Western Freight Solutions.,"[[38, 49, ""PERSON""], [55, 80, ""ORG""]]",multi_entity
Vikram Joshi and Neeraj Shah met representatives of Prime Warehousing in Kochi.,"[[0, 12, ""PERSON""], [17, 28, ""PERSON""], [52, 69, ""ORG""], [73, 78, ""GPE""]]",complex
The team reviewed the evidence log before questioning Priya Nair.,"[[54, 64, ""PERSON""]]",hard_negative
Investigators compared the surveillance record with records from Western Freight Solutions.,"[[65, 90, ""ORG""]]",contrastive_negative
"R K Sharma transferred funds to Maharashtra State Bank, while Suresh Iyer contacted Nova Components.","[[0, 10, ""PERSON""], [32, 54, ""ORG""], [62, 73, ""PERSON""], [84, 99, ""ORG""]]",complex
Shakti Traders rented space at Turbhe Warehouse No. 4.,"[[0, 14, ""ORG""], [31, 53, ""FAC""]]",facility_context
"Mohammed Arif Khan transferred funds to Metro Logistics Pvt Ltd, while S. Iyer contacted KS Electronics.","[[0, 18, ""PERSON""], [40, 63, ""ORG""], [71, 78, ""PERSON""], [89, 103, ""ORG""]]",complex
The mobile extraction report mentioned Dev Malhotra.,"[[39, 51, ""PERSON""]]",hard_negative
Officers searched the area around Bandra Kurla Complex.,"[[34, 54, ""LOC""]]",location_context
"Vikram Joshi transferred funds to Nova Components, while Karan Sethi contacted Prime Warehousing.","[[0, 12, ""PERSON""], [34, 49, ""ORG""], [57, 68, ""PERSON""], [79, 96, ""ORG""]]",complex
Investigators traced the shipment from Thane to Eastern Express Highway.,"[[39, 44, ""GPE""], [48, 71, ""LOC""]]",multi_entity
The vehicle associated with Sameer Khan was found near Andheri East.,"[[28, 39, ""PERSON""], [55, 67, ""LOC""]]",multi_entity
Ananya Sharma transferred money to DM Trading Services from Bengaluru.,"[[0, 13, ""PERSON""], [35, 54, ""ORG""], [60, 69, ""GPE""]]",multi_entity
Investigators compared the surveillance records with records from Maharashtra State Bank.,"[[66, 88, ""ORG""]]",contrastive_negative
Funds moved from an account linked to Mohammed Arif Khan into Western Freight Solutions.,"[[38, 56, ""PERSON""], [62, 87, ""ORG""]]",multi_entity
Suresh Iyer was observed outside KS Electronics in Lucknow.,"[[0, 11, ""PERSON""], [33, 47, ""ORG""], [51, 58, ""GPE""]]",multi_entity
M. A. Khan transferred money to City Cargo Services from Delhi.,"[[0, 10, ""PERSON""], [32, 51, ""ORG""], [57, 62, ""GPE""]]",multi_entity
The team reviewed the seizure memo before questioning R K Sharma.,"[[54, 64, ""PERSON""]]",hard_negative
The Location Surveillance Records mentioned Mohammed Arif Khan.,"[[44, 62, ""PERSON""]]",hard_negative
Police located Md. Arif Khan near Vashi Sector 17.,"[[15, 28, ""PERSON""], [34, 49, ""LOC""]]",multi_entity
"The mobile extraction report mentioned Karan Sethi, R K Sharma, and City Cargo Services.","[[39, 50, ""PERSON""], [52, 62, ""PERSON""], [68, 87, ""ORG""]]",complex
Ayesha Khan and Priya Nair met representatives of BlueLine Transport in Delhi.,"[[0, 11, ""PERSON""], [16, 26, ""PERSON""], [50, 68, ""ORG""], [72, 77, ""GPE""]]",complex
The seizure memo showed that R K Sharma had contacted DM Trading Services.,"[[29, 39, ""PERSON""], [54, 73, ""ORG""]]",contrastive_negative
The case file mentioned Rajiv Bansal.,"[[24, 36, ""PERSON""]]",hard_negative
The control room log contained references to Rohan Mehta and BlueLine Transport.,"[[45, 56, ""PERSON""], [61, 79, ""ORG""]]",contrastive_negative
Ayesha Khan worked with Shakti Traders in Indore.,"[[0, 11, ""PERSON""], [24, 38, ""ORG""], [42, 48, ""GPE""]]",multi_entity
Ayesha Khan was observed outside City Cargo Services in Jaipur.,"[[0, 11, ""PERSON""], [33, 52, ""ORG""], [56, 62, ""GPE""]]",multi_entity
The team reviewed the evidence log before questioning M. A. Khan.,"[[54, 64, ""PERSON""]]",hard_negative
Police located Arjun Patel near Nhava Sheva Port Area.,"[[15, 26, ""PERSON""], [32, 53, ""LOC""]]",multi_entity
BlueLine Transport submitted invoices from its Hyderabad office.,"[[0, 18, ""ORG""], [47, 56, ""GPE""]]",multi_entity
Sameer Khan was observed outside Shakti Traders in Thane.,"[[0, 11, ""PERSON""], [33, 47, ""ORG""], [51, 56, ""GPE""]]",multi_entity
Ayesha Khan transferred money to Maharashtra State Bank from Navi Mumbai.,"[[0, 11, ""PERSON""], [33, 55, ""ORG""], [61, 72, ""GPE""]]",multi_entity
Investigators compared the investigation report with records from Maharashtra State Bank.,"[[66, 88, ""ORG""]]",contrastive_negative
Police located Imran Sheikh near Dharavi.,"[[15, 27, ""PERSON""], [33, 40, ""LOC""]]",multi_entity
Priya Nair was seen entering Turbhe Warehouse No. 4.,"[[0, 10, ""PERSON""], [29, 51, ""FAC""]]",facility_context
Ananya Sharma worked with BlueLine Transport in Hyderabad.,"[[0, 13, ""PERSON""], [26, 44, ""ORG""], [48, 57, ""GPE""]]",multi_entity
Goods were stored at Turbhe Warehouse No. 4.,"[[21, 43, ""FAC""]]",facility_context
The bank records showed that Dev Malhotra had contacted City Cargo Services.,"[[29, 41, ""PERSON""], [56, 75, ""ORG""]]",contrastive_negative
Western Freight Solutions maintained an office in Kochi.,"[[0, 25, ""ORG""], [50, 55, ""GPE""]]",org_context
Investigators traced the shipment from Chennai to Dharavi.,"[[39, 46, ""GPE""], [50, 57, ""LOC""]]",multi_entity
Investigators compared the surveillance records with records from City Cargo Services.,"[[66, 85, ""ORG""]]",contrastive_negative
Karan Sethi and Dev Malhotra met representatives of Maharashtra State Bank in Pune.,"[[0, 11, ""PERSON""], [16, 28, ""PERSON""], [52, 74, ""ORG""], [78, 82, ""GPE""]]",complex
The incident occurred in Hyderabad.,"[[25, 34, ""GPE""]]",location_context
"According to the evidence log, M. A. Khan visited Western Freight Solutions in Ahmedabad.","[[31, 41, ""PERSON""], [50, 75, ""ORG""], [79, 88, ""GPE""]]",contrastive_negative
Western Freight Solutions submitted invoices from its Kochi office.,"[[0, 25, ""ORG""], [54, 59, ""GPE""]]",multi_entity
Sameer Khan appeared in the CCTV records.,"[[0, 11, ""PERSON""]]",hard_negative
The Call Detail Records mentioned Dev Malhotra.,"[[34, 46, ""PERSON""]]",hard_negative
Investigators collected the case file for further examination.,[],hard_negative
Imran Sheikh transferred money to Shakti Traders from Nagpur.,"[[0, 12, ""PERSON""], [34, 48, ""ORG""], [54, 60, ""GPE""]]",multi_entity
The forensic report mentioned Mohammed Arif Khan.,"[[30, 48, ""PERSON""]]",hard_negative
"According to the witness statement, Vikram Joshi visited Metro Logistics Pvt Ltd in Kochi.","[[36, 48, ""PERSON""], [57, 80, ""ORG""], [84, 89, ""GPE""]]",contrastive_negative
"According to the CCTV record, Md. Arif Khan visited DM Trading Services in Indore.","[[30, 43, ""PERSON""], [52, 71, ""ORG""], [75, 81, ""GPE""]]",contrastive_negative
City Cargo Services operates a warehouse in Surat.,"[[0, 19, ""ORG""], [44, 49, ""GPE""]]",multi_entity
Maharashtra State Bank was named in the station diary entry reviewed by investigators.,"[[0, 22, ""ORG""]]",contrastive_negative
The seizure memo mentioned Sameer Khan.,"[[27, 38, ""PERSON""]]",hard_negative
Karan Sethi worked with Prime Warehousing in Delhi.,"[[0, 11, ""PERSON""], [24, 41, ""ORG""], [45, 50, ""GPE""]]",multi_entity
The control room log showed that M. A. Khan had contacted DM Trading Services.,"[[33, 43, ""PERSON""], [58, 77, ""ORG""]]",contrastive_negative
The vehicle associated with Ravi Deshmukh was found near Andheri East.,"[[28, 41, ""PERSON""], [57, 69, ""LOC""]]",multi_entity
Apex Distributors maintained an office in Jaipur.,"[[0, 17, ""ORG""], [42, 48, ""GPE""]]",org_context
"According to the surveillance record, R K Sharma visited DM Trading Services in Thane.","[[38, 48, ""PERSON""], [57, 76, ""ORG""], [80, 85, ""GPE""]]",contrastive_negative
Karan Sethi worked with Maharashtra State Bank in Nagpur.,"[[0, 11, ""PERSON""], [24, 46, ""ORG""], [50, 56, ""GPE""]]",multi_entity
The Call Detail Records showed that Ayesha Khan had contacted Prime Warehousing.,"[[36, 47, ""PERSON""], [62, 79, ""ORG""]]",contrastive_negative
No useful information was found in the Location Surveillance Records.,[],hard_negative
Shakti Traders submitted invoices from its Delhi office.,"[[0, 14, ""ORG""], [43, 48, ""GPE""]]",multi_entity
The suspect travelled from Kochi to Chennai.,"[[27, 32, ""GPE""], [36, 43, ""GPE""]]",location_context
The FIR contained references to Priya Nair and DM Trading Services.,"[[32, 42, ""PERSON""], [47, 66, ""ORG""]]",contrastive_negative
BlueLine Transport submitted invoices from its Kochi office.,"[[0, 18, ""ORG""], [47, 52, ""GPE""]]",multi_entity
Rohan Mehta transferred money to Western Freight Solutions from Thane.,"[[0, 11, ""PERSON""], [33, 58, ""ORG""], [64, 69, ""GPE""]]",multi_entity
Metro Logistics Pvt Ltd maintained an office in Lucknow.,"[[0, 23, ""ORG""], [48, 55, ""GPE""]]",org_context
S. Iyer was observed outside Apex Distributors in Chennai.,"[[0, 7, ""PERSON""], [29, 46, ""ORG""], [50, 57, ""GPE""]]",multi_entity
DM Trading Services supplied invoices to investigators.,"[[0, 19, ""ORG""]]",org_context
Karan Sethi was seen entering Sector 19 Storage Depot.,"[[0, 11, ""PERSON""], [30, 53, ""FAC""]]",facility_context
Md. Arif Khan appeared in the vehicle movement record.,"[[0, 13, ""PERSON""]]",hard_negative
Vikram Joshi and Ravi Deshmukh met representatives of Western Freight Solutions in Surat.,"[[0, 12, ""PERSON""], [17, 30, ""PERSON""], [54, 79, ""ORG""], [83, 88, ""GPE""]]",complex
Neeraj Shah and Imran Sheikh met representatives of Nova Components in Lucknow.,"[[0, 11, ""PERSON""], [16, 28, ""PERSON""], [52, 67, ""ORG""], [71, 78, ""GPE""]]",complex
BlueLine Transport operates a warehouse in Bengaluru.,"[[0, 18, ""ORG""], [43, 52, ""GPE""]]",multi_entity
The crime scene report was linked to an incident in Kochi.,"[[52, 57, ""GPE""]]",hard_negative
The CDR records showed that Sameer Khan had contacted Nova Components.,"[[28, 39, ""PERSON""], [54, 69, ""ORG""]]",contrastive_negative
Funds moved from an account linked to Sameer Khan into Metro Logistics Pvt Ltd.,"[[38, 49, ""PERSON""], [55, 78, ""ORG""]]",multi_entity
Funds moved from an account linked to S. Iyer into Shakti Traders.,"[[38, 45, ""PERSON""], [51, 65, ""ORG""]]",multi_entity
The case file showed that Suresh Iyer had contacted Shakti Traders.,"[[26, 37, ""PERSON""], [52, 66, ""ORG""]]",contrastive_negative
The Call Detail Records was linked to an incident in Bengaluru.,"[[53, 62, ""GPE""]]",hard_negative
"S. Iyer transferred funds to Maharashtra State Bank, while Mohammed Arif Khan contacted BlueLine Transport.","[[0, 7, ""PERSON""], [29, 51, ""ORG""], [59, 77, ""PERSON""], [88, 106, ""ORG""]]",complex
Entries in the CCTV record were compared with bank transactions.,[],hard_negative
The control room log showed that Karan Sethi had contacted Apex Distributors.,"[[33, 44, ""PERSON""], [59, 76, ""ORG""]]",contrastive_negative
The mobile extraction report mentioned Vikram Joshi.,"[[39, 51, ""PERSON""]]",hard_negative
"The control room log mentioned Vikram Joshi, Ayesha Khan, and Nova Components.","[[31, 43, ""PERSON""], [45, 56, ""PERSON""], [62, 77, ""ORG""]]",complex
"The surveillance record mentioned Rajiv Bansal, Vikram Joshi, and KS Electronics.","[[34, 46, ""PERSON""], [48, 60, ""PERSON""], [66, 80, ""ORG""]]",complex
The suspect travelled from Indore to Navi Mumbai.,"[[27, 33, ""GPE""], [37, 48, ""GPE""]]",location_context
"Imran Sheikh transferred funds to Apex Distributors, while Arjun Patel contacted Western Freight Solutions.","[[0, 12, ""PERSON""], [34, 51, ""ORG""], [59, 70, ""PERSON""], [81, 106, ""ORG""]]",complex
The team reviewed the CCTV footage before questioning Rohan Mehta.,"[[54, 65, ""PERSON""]]",hard_negative
The CDR records was linked to an incident in Mumbai.,"[[45, 51, ""GPE""]]",hard_negative
Police located Ayesha Khan near Eastern Express Highway.,"[[15, 26, ""PERSON""], [32, 55, ""LOC""]]",multi_entity
S. Iyer appeared in the FIR.,"[[0, 7, ""PERSON""]]",hard_negative
The surveillance record showed that Mohit Chawla had contacted Nova Components.,"[[36, 48, ""PERSON""], [63, 78, ""ORG""]]",contrastive_negative
The Call Detail Records contained references to Vikram Joshi and Shakti Traders.,"[[48, 60, ""PERSON""], [65, 79, ""ORG""]]",contrastive_negative
Investigators compared the evidence log with records from Shakti Traders.,"[[58, 72, ""ORG""]]",contrastive_negative
The station diary entry was reviewed by the investigating officer.,[],hard_negative
"According to the evidence log, Sameer Khan visited Maharashtra State Bank in Lucknow.","[[31, 42, ""PERSON""], [51, 73, ""ORG""], [77, 84, ""GPE""]]",contrastive_negative
Investigators traced the shipment from Indore to Vashi Sector 17.,"[[39, 45, ""GPE""], [49, 64, ""LOC""]]",multi_entity
The FIR record was linked to an incident in Ahmedabad.,"[[44, 53, ""GPE""]]",hard_negative
BlueLine Transport maintained an office in Chennai.,"[[0, 18, ""ORG""], [43, 50, ""GPE""]]",org_context
Ayesha Khan travelled from Nagpur to Delhi with Vikram Joshi.,"[[0, 11, ""PERSON""], [27, 33, ""GPE""], [37, 42, ""GPE""], [48, 60, ""PERSON""]]",complex
The vehicle associated with Mohit Chawla was found near Dharavi.,"[[28, 40, ""PERSON""], [56, 63, ""LOC""]]",multi_entity
The station diary entry contained references to Arjun Patel and Nova Components.,"[[48, 59, ""PERSON""], [64, 79, ""ORG""]]",contrastive_negative
The seizure memo mentioned Vikram Joshi.,"[[27, 39, ""PERSON""]]",hard_negative
Investigators compared the Location Surveillance Records with records from Shakti Traders.,"[[75, 89, ""ORG""]]",contrastive_negative
No useful information was found in the case file.,[],hard_negative
"According to the police report, Ravi Deshmukh visited Prime Warehousing in Indore.","[[32, 45, ""PERSON""], [54, 71, ""ORG""], [75, 81, ""GPE""]]",contrastive_negative
"Rajiv Bansal transferred funds to City Cargo Services, while Neeraj Shah contacted Shakti Traders.","[[0, 12, ""PERSON""], [34, 53, ""ORG""], [61, 72, ""PERSON""], [83, 97, ""ORG""]]",complex
Imran Sheikh travelled from Ahmedabad to Hyderabad with Rohan Mehta.,"[[0, 12, ""PERSON""], [28, 37, ""GPE""], [41, 50, ""GPE""], [56, 67, ""PERSON""]]",complex
"According to the CDR records, Ravi Deshmukh visited Maharashtra State Bank in Delhi.","[[30, 43, ""PERSON""], [52, 74, ""ORG""], [78, 83, ""GPE""]]",contrastive_negative
Ananya Sharma travelled from Hyderabad to Mumbai with Suresh Iyer.,"[[0, 13, ""PERSON""], [29, 38, ""GPE""], [42, 48, ""GPE""], [54, 65, ""PERSON""]]",complex
The station diary entry showed that Rajiv Bansal had contacted Prime Warehousing.,"[[36, 48, ""PERSON""], [63, 80, ""ORG""]]",contrastive_negative
Priya Nair transferred money to Maharashtra State Bank from Mumbai.,"[[0, 10, ""PERSON""], [32, 54, ""ORG""], [60, 66, ""GPE""]]",multi_entity
Sameer Khan was seen entering Turbhe Warehouse No. 4.,"[[0, 11, ""PERSON""], [30, 52, ""FAC""]]",facility_context
Police located Dev Malhotra near Powai Lake Road.,"[[15, 27, ""PERSON""], [33, 48, ""LOC""]]",multi_entity
"The Location Surveillance Record mentioned Mohammed Arif Khan, Imran Sheikh, and City Cargo Services.","[[43, 61, ""PERSON""], [63, 75, ""PERSON""], [81, 100, ""ORG""]]",complex
The FIR contained references to Dev Malhotra and DM Trading Services.,"[[32, 44, ""PERSON""], [49, 68, ""ORG""]]",contrastive_negative
Mohit Chawla worked with Shakti Traders in Ahmedabad.,"[[0, 12, ""PERSON""], [25, 39, ""ORG""], [43, 52, ""GPE""]]",multi_entity
The Case File showed that Dev Malhotra had contacted Shakti Traders.,"[[26, 38, ""PERSON""], [53, 67, ""ORG""]]",contrastive_negative
The FIR was linked to an incident in Chennai.,"[[37, 44, ""GPE""]]",hard_negative
The investigation report showed that Suresh Iyer had contacted Western Freight Solutions.,"[[37, 48, ""PERSON""], [63, 88, ""ORG""]]",contrastive_negative
The team reviewed the witness statement before questioning Rajiv Bansal.,"[[59, 71, ""PERSON""]]",hard_negative
Western Freight Solutions submitted invoices from its Ahmedabad office.,"[[0, 25, ""ORG""], [54, 63, ""GPE""]]",multi_entity
The vehicle associated with Suresh Iyer was found near Powai Lake Road.,"[[28, 39, ""PERSON""], [55, 70, ""LOC""]]",multi_entity
Apex Distributors supplied invoices to investigators.,"[[0, 17, ""ORG""]]",org_context
No useful information was found in the surveillance record.,[],hard_negative
Investigators traced the shipment from Surat to Eastern Express Highway.,"[[39, 44, ""GPE""], [48, 71, ""LOC""]]",multi_entity
The suspect travelled from Navi Mumbai to Kochi.,"[[27, 38, ""GPE""], [42, 47, ""GPE""]]",location_context
The seizure memo showed that Arjun Patel had contacted Apex Distributors.,"[[29, 40, ""PERSON""], [55, 72, ""ORG""]]",contrastive_negative
Investigators traced the shipment from Nagpur to Turbhe Industrial Area.,"[[39, 45, ""GPE""], [49, 71, ""LOC""]]",multi_entity
Sameer Khan worked with Apex Distributors in Mumbai.,"[[0, 11, ""PERSON""], [24, 41, ""ORG""], [45, 51, ""GPE""]]",multi_entity
"According to the Location Surveillance Record, Imran Sheikh visited BlueLine Transport in Bengaluru.","[[47, 59, ""PERSON""], [68, 86, ""ORG""], [90, 99, ""GPE""]]",contrastive_negative
Funds moved from an account linked to Sameer Khan into Western Freight Solutions.,"[[38, 49, ""PERSON""], [55, 80, ""ORG""]]",multi_entity
"R K Sharma transferred funds to Prime Warehousing, while Imran Sheikh contacted Maharashtra State Bank.","[[0, 10, ""PERSON""], [32, 49, ""ORG""], [57, 69, ""PERSON""], [80, 102, ""ORG""]]",complex
The vehicle associated with Neeraj Shah was found near Turbhe Industrial Area.,"[[28, 39, ""PERSON""], [55, 77, ""LOC""]]",multi_entity
"According to the crime scene report, Vikram Joshi visited Metro Logistics Pvt Ltd in Bengaluru.","[[37, 49, ""PERSON""], [58, 81, ""ORG""], [85, 94, ""GPE""]]",contrastive_negative
The CDR records was reviewed by the investigating officer.,[],hard_negative
Imran Sheikh travelled from Kochi to Thane with Rohan Mehta.,"[[0, 12, ""PERSON""], [28, 33, ""GPE""], [37, 42, ""GPE""], [48, 59, ""PERSON""]]",complex
Funds moved from an account linked to Ananya Sharma into Metro Logistics Pvt Ltd.,"[[38, 51, ""PERSON""], [57, 80, ""ORG""]]",multi_entity
Police located Ravi Deshmukh near Mumbai-Pune Expressway.,"[[15, 28, ""PERSON""], [34, 56, ""LOC""]]",multi_entity
Investigators collected the CCTV record for further examination.,[],hard_negative
Mohammed Arif Khan travelled from Lucknow to Indore with Sameer Khan.,"[[0, 18, ""PERSON""], [34, 41, ""GPE""], [45, 51, ""GPE""], [57, 68, ""PERSON""]]",complex
Ayesha Khan was observed outside Apex Distributors in Surat.,"[[0, 11, ""PERSON""], [33, 50, ""ORG""], [54, 59, ""GPE""]]",multi_entity
Investigators traced the shipment from Delhi to Thane Creek.,"[[39, 44, ""GPE""], [48, 59, ""LOC""]]",multi_entity
Mohit Chawla appeared in the Case File.,"[[0, 12, ""PERSON""]]",hard_negative
The witness statement showed that Arjun Patel had contacted KS Electronics.,"[[34, 45, ""PERSON""], [60, 74, ""ORG""]]",contrastive_negative
Funds moved from an account linked to Mohit Chawla into KS Electronics.,"[[38, 50, ""PERSON""], [56, 70, ""ORG""]]",multi_entity
Goods were stored at Sector 19 Storage Depot.,"[[21, 44, ""FAC""]]",facility_context
"The forensic report mentioned Rohan Mehta, S. Iyer, and Maharashtra State Bank.","[[30, 41, ""PERSON""], [43, 50, ""PERSON""], [56, 78, ""ORG""]]",complex
The evidence log showed that Karan Sethi had contacted Shakti Traders.,"[[29, 40, ""PERSON""], [55, 69, ""ORG""]]",contrastive_negative
Rohan Mehta was observed outside National Freight Corporation in Hyderabad.,"[[0, 11, ""PERSON""], [33, 61, ""ORG""], [65, 74, ""GPE""]]",multi_entity
The CCTV record contained references to Mohit Chawla and Nova Components.,"[[40, 52, ""PERSON""], [57, 72, ""ORG""]]",contrastive_negative
Nova Components was named in the Location Surveillance Record reviewed by investigators.,"[[0, 15, ""ORG""]]",contrastive_negative
"According to the Call Detail Records, S. Iyer visited Maharashtra State Bank in Thane.","[[38, 45, ""PERSON""], [54, 76, ""ORG""], [80, 85, ""GPE""]]",contrastive_negative
Investigators compared the CCTV footage with records from BlueLine Transport.,"[[58, 76, ""ORG""]]",contrastive_negative
Police searched Turbhe Warehouse No. 4 after receiving information.,"[[16, 38, ""FAC""]]",facility_context
The consignment was moved through Indore.,"[[34, 40, ""GPE""]]",location_context
Neeraj Shah and Rajiv Bansal met representatives of Nova Components in Navi Mumbai.,"[[0, 11, ""PERSON""], [16, 28, ""PERSON""], [52, 67, ""ORG""], [71, 82, ""GPE""]]",complex
Prime Warehousing operates a warehouse in Mumbai.,"[[0, 17, ""ORG""], [42, 48, ""GPE""]]",multi_entity
The control room log showed that Ananya Sharma had contacted KS Electronics.,"[[33, 46, ""PERSON""], [61, 75, ""ORG""]]",contrastive_negative
The FIR record showed that Neeraj Shah had contacted National Freight Corporation.,"[[27, 38, ""PERSON""], [53, 81, ""ORG""]]",contrastive_negative
Arjun Patel travelled from Pune to Jaipur with Imran Sheikh.,"[[0, 11, ""PERSON""], [27, 31, ""GPE""], [35, 41, ""GPE""], [47, 59, ""PERSON""]]",complex
The vehicle associated with Ayesha Khan was found near Nhava Sheva Port Area.,"[[28, 39, ""PERSON""], [55, 76, ""LOC""]]",multi_entity
The team reviewed the Location Surveillance Record before questioning S. Iyer.,"[[70, 77, ""PERSON""]]",hard_negative
Ayesha Khan met an employee of Maharashtra State Bank near Vashi Sector 17.,"[[0, 11, ""PERSON""], [31, 53, ""ORG""], [59, 74, ""LOC""]]",multi_entity
Arjun Patel and Karan Sethi met representatives of National Freight Corporation in Thane.,"[[0, 11, ""PERSON""], [16, 27, ""PERSON""], [51, 79, ""ORG""], [83, 88, ""GPE""]]",complex
The consignment was moved through Nagpur.,"[[34, 40, ""GPE""]]",location_context
Vikram Joshi transferred money to Western Freight Solutions from Hyderabad.,"[[0, 12, ""PERSON""], [34, 59, ""ORG""], [65, 74, ""GPE""]]",multi_entity
Ayesha Khan worked with Prime Warehousing in Thane.,"[[0, 11, ""PERSON""], [24, 41, ""ORG""], [45, 50, ""GPE""]]",multi_entity
"According to the FIR, R K Sharma visited DM Trading Services in Navi Mumbai.","[[22, 32, ""PERSON""], [41, 60, ""ORG""], [64, 75, ""GPE""]]",contrastive_negative
"According to the crime scene report, S. Iyer visited Apex Distributors in Lucknow.","[[37, 44, ""PERSON""], [53, 70, ""ORG""], [74, 81, ""GPE""]]",contrastive_negative
The seizure memo contained references to Mohammed Arif Khan and City Cargo Services.,"[[41, 59, ""PERSON""], [64, 83, ""ORG""]]",contrastive_negative
Investigators traced the shipment from Hyderabad to Dharavi.,"[[39, 48, ""GPE""], [52, 59, ""LOC""]]",multi_entity
Maharashtra State Bank operates a warehouse in Surat.,"[[0, 22, ""ORG""], [47, 52, ""GPE""]]",multi_entity
Investigators traced the shipment from Pune to Thane Creek.,"[[39, 43, ""GPE""], [47, 58, ""LOC""]]",multi_entity
Investigators traced the shipment from Surat to Mumbai-Pune Expressway.,"[[39, 44, ""GPE""], [48, 70, ""LOC""]]",multi_entity
Records from Prime Warehousing were collected by police.,"[[13, 30, ""ORG""]]",org_context
The evidence log was linked to an incident in Bengaluru.,"[[46, 55, ""GPE""]]",hard_negative
The Case File contained references to Imran Sheikh and City Cargo Services.,"[[38, 50, ""PERSON""], [55, 74, ""ORG""]]",contrastive_negative
Nova Components was named in the CDR records reviewed by investigators.,"[[0, 15, ""ORG""]]",contrastive_negative
The team reviewed the vehicle movement record before questioning Imran Sheikh.,"[[65, 77, ""PERSON""]]",hard_negative
Shakti Traders maintained an office in Chennai.,"[[0, 14, ""ORG""], [39, 46, ""GPE""]]",org_context
The suspect travelled from Delhi to Chennai.,"[[27, 32, ""GPE""], [36, 43, ""GPE""]]",location_context
Karan Sethi was observed outside National Freight Corporation in Hyderabad.,"[[0, 11, ""PERSON""], [33, 61, ""ORG""], [65, 74, ""GPE""]]",multi_entity
"According to the station diary entry, Mohit Chawla visited City Cargo Services in Hyderabad.","[[38, 50, ""PERSON""], [59, 78, ""ORG""], [82, 91, ""GPE""]]",contrastive_negative
"According to the investigation report, S. Iyer visited Metro Logistics Pvt Ltd in Jaipur.","[[39, 46, ""PERSON""], [55, 78, ""ORG""], [82, 88, ""GPE""]]",contrastive_negative
The vehicle associated with Karan Sethi was found near Turbhe Industrial Area.,"[[28, 39, ""PERSON""], [55, 77, ""LOC""]]",multi_entity
Arjun Patel met an employee of Metro Logistics Pvt Ltd near Andheri East.,"[[0, 11, ""PERSON""], [31, 54, ""ORG""], [60, 72, ""LOC""]]",multi_entity
Karan Sethi was observed outside Maharashtra State Bank in Lucknow.,"[[0, 11, ""PERSON""], [33, 55, ""ORG""], [59, 66, ""GPE""]]",multi_entity
The vehicle associated with Karan Sethi was found near Powai Lake Road.,"[[28, 39, ""PERSON""], [55, 70, ""LOC""]]",multi_entity
Priya Nair worked with BlueLine Transport in Indore.,"[[0, 10, ""PERSON""], [23, 41, ""ORG""], [45, 51, ""GPE""]]",multi_entity
Imran Sheikh met an employee of Shakti Traders near Eastern Express Highway.,"[[0, 12, ""PERSON""], [32, 46, ""ORG""], [52, 75, ""LOC""]]",multi_entity
No useful information was found in the FIR.,[],hard_negative
The surveillance record showed that Sameer Khan had contacted Prime Warehousing.,"[[36, 47, ""PERSON""], [62, 79, ""ORG""]]",contrastive_negative
Md. Arif Khan and Rajiv Bansal met representatives of DM Trading Services in Navi Mumbai.,"[[0, 13, ""PERSON""], [18, 30, ""PERSON""], [54, 73, ""ORG""], [77, 88, ""GPE""]]",complex
The CCTV record showed that Dev Malhotra had contacted KS Electronics.,"[[28, 40, ""PERSON""], [55, 69, ""ORG""]]",contrastive_negative
Imran Sheikh met an employee of KS Electronics near Thane Creek.,"[[0, 12, ""PERSON""], [32, 46, ""ORG""], [52, 63, ""LOC""]]",multi_entity
Police located Dev Malhotra near Eastern Express Highway.,"[[15, 27, ""PERSON""], [33, 56, ""LOC""]]",multi_entity
The Location Surveillance Records showed that Ravi Deshmukh had contacted Metro Logistics Pvt Ltd.,"[[46, 59, ""PERSON""], [74, 97, ""ORG""]]",contrastive_negative
"The surveillance record mentioned Priya Nair, Arjun Patel, and Western Freight Solutions.","[[34, 44, ""PERSON""], [46, 57, ""PERSON""], [63, 88, ""ORG""]]",complex
Maharashtra State Bank maintained an office in Jaipur.,"[[0, 22, ""ORG""], [47, 53, ""GPE""]]",org_context
Vikram Joshi was observed outside KS Electronics in Surat.,"[[0, 12, ""PERSON""], [34, 48, ""ORG""], [52, 57, ""GPE""]]",multi_entity
Rajiv Bansal was observed outside Shakti Traders in Kochi.,"[[0, 12, ""PERSON""], [34, 48, ""ORG""], [52, 57, ""GPE""]]",multi_entity
National Freight Corporation was named in the bank records reviewed by investigators.,"[[0, 28, ""ORG""]]",contrastive_negative
Investigators traced the shipment from Jaipur to Dharavi.,"[[39, 45, ""GPE""], [49, 56, ""LOC""]]",multi_entity
"According to the FIR, Ananya Sharma visited Maharashtra State Bank in Lucknow.","[[22, 35, ""PERSON""], [44, 66, ""ORG""], [70, 77, ""GPE""]]",contrastive_negative
The team reviewed the mobile extraction report before questioning Neeraj Shah.,"[[66, 77, ""PERSON""]]",hard_negative
The surveillance record contained references to Dev Malhotra and Shakti Traders.,"[[48, 60, ""PERSON""], [65, 79, ""ORG""]]",contrastive_negative
Funds moved from an account linked to Mohammed Arif Khan into BlueLine Transport.,"[[38, 56, ""PERSON""], [62, 80, ""ORG""]]",multi_entity
Investigators collected the Call Detail Records for further examination.,[],hard_negative
National Freight Corporation was named in the forensic report reviewed by investigators.,"[[0, 28, ""ORG""]]",contrastive_negative
The vehicle associated with Sameer Khan was found near Turbhe Industrial Area.,"[[28, 39, ""PERSON""], [55, 77, ""LOC""]]",multi_entity
Investigators compared the case file with records from National Freight Corporation.,"[[55, 83, ""ORG""]]",contrastive_negative
Funds moved from an account linked to Rajiv Bansal into BlueLine Transport.,"[[38, 50, ""PERSON""], [56, 74, ""ORG""]]",multi_entity
The investigation report was linked to an incident in Navi Mumbai.,"[[54, 65, ""GPE""]]",hard_negative
The Case File contained references to Mohammed Arif Khan and Shakti Traders.,"[[38, 56, ""PERSON""], [61, 75, ""ORG""]]",contrastive_negative
Rohan Mehta and M. A. Khan met representatives of BlueLine Transport in Thane.,"[[0, 11, ""PERSON""], [16, 26, ""PERSON""], [50, 68, ""ORG""], [72, 77, ""GPE""]]",complex
The surveillance record contained references to Priya Nair and Nova Components.,"[[48, 58, ""PERSON""], [63, 78, ""ORG""]]",contrastive_negative
Neeraj Shah was observed outside Prime Warehousing in Jaipur.,"[[0, 11, ""PERSON""], [33, 50, ""ORG""], [54, 60, ""GPE""]]",multi_entity
"According to the evidence log, Mohit Chawla visited BlueLine Transport in Chennai.","[[31, 43, ""PERSON""], [52, 70, ""ORG""], [74, 81, ""GPE""]]",contrastive_negative
R K Sharma met an employee of Western Freight Solutions near Mumbai-Pune Expressway.,"[[0, 10, ""PERSON""], [30, 55, ""ORG""], [61, 83, ""LOC""]]",multi_entity
"The bank records mentioned Karan Sethi, Mohit Chawla, and BlueLine Transport.","[[27, 38, ""PERSON""], [40, 52, ""PERSON""], [58, 76, ""ORG""]]",complex
Priya Nair was observed outside Nova Components in Delhi.,"[[0, 10, ""PERSON""], [32, 47, ""ORG""], [51, 56, ""GPE""]]",multi_entity
The Case File mentioned Ayesha Khan.,"[[24, 35, ""PERSON""]]",hard_negative
The vehicle associated with Md. Arif Khan was found near Andheri East.,"[[28, 41, ""PERSON""], [57, 69, ""LOC""]]",multi_entity
Karan Sethi travelled from Surat to Thane with R K Sharma.,"[[0, 11, ""PERSON""], [27, 32, ""GPE""], [36, 41, ""GPE""], [47, 57, ""PERSON""]]",complex
"The Call Detail Records mentioned Md. Arif Khan, S. Iyer, and DM Trading Services.","[[34, 47, ""PERSON""], [49, 56, ""PERSON""], [62, 81, ""ORG""]]",complex
M. A. Khan transferred money to Prime Warehousing from Lucknow.,"[[0, 10, ""PERSON""], [32, 49, ""ORG""], [55, 62, ""GPE""]]",multi_entity
Prime Warehousing maintained an office in Ahmedabad.,"[[0, 17, ""ORG""], [42, 51, ""GPE""]]",org_context
Officers searched the area around Turbhe Industrial Area.,"[[34, 56, ""LOC""]]",location_context
The vehicle was located near Eastern Express Highway.,"[[29, 52, ""LOC""]]",location_context
Neeraj Shah worked with Maharashtra State Bank in Mumbai.,"[[0, 11, ""PERSON""], [24, 46, ""ORG""], [50, 56, ""GPE""]]",multi_entity
The police report showed that Ayesha Khan had contacted City Cargo Services.,"[[30, 41, ""PERSON""], [56, 75, ""ORG""]]",contrastive_negative
Sameer Khan and Arjun Patel met representatives of DM Trading Services in Lucknow.,"[[0, 11, ""PERSON""], [16, 27, ""PERSON""], [51, 70, ""ORG""], [74, 81, ""GPE""]]",complex
BlueLine Transport maintained an office in Bengaluru.,"[[0, 18, ""ORG""], [43, 52, ""GPE""]]",org_context
The CCTV footage was linked to an incident in Ahmedabad.,"[[46, 55, ""GPE""]]",hard_negative
The Location Surveillance Records showed that Imran Sheikh had contacted Metro Logistics Pvt Ltd.,"[[46, 58, ""PERSON""], [73, 96, ""ORG""]]",contrastive_negative
The suspect travelled from Mumbai to Hyderabad.,"[[27, 33, ""GPE""], [37, 46, ""GPE""]]",location_context
KS Electronics was named in the bank records reviewed by investigators.,"[[0, 14, ""ORG""]]",contrastive_negative
Mohit Chawla and Imran Sheikh met representatives of BlueLine Transport in Jaipur.,"[[0, 12, ""PERSON""], [17, 29, ""PERSON""], [53, 71, ""ORG""], [75, 81, ""GPE""]]",complex
Md. Arif Khan travelled from Indore to Hyderabad with Neeraj Shah.,"[[0, 13, ""PERSON""], [29, 35, ""GPE""], [39, 48, ""GPE""], [54, 65, ""PERSON""]]",complex
The FIR mentioned Suresh Iyer.,"[[18, 29, ""PERSON""]]",hard_negative
No useful information was found in the mobile extraction report.,[],hard_negative
"The FIR mentioned Neeraj Shah, Suresh Iyer, and KS Electronics.","[[18, 29, ""PERSON""], [31, 42, ""PERSON""], [48, 62, ""ORG""]]",complex
Neeraj Shah appeared in the control room log.,"[[0, 11, ""PERSON""]]",hard_negative
The police report mentioned Ravi Deshmukh.,"[[28, 41, ""PERSON""]]",hard_negative
Entries in the financial records were compared with bank transactions.,[],hard_negative
The case file mentioned Ravi Deshmukh.,"[[24, 37, ""PERSON""]]",hard_negative
Investigators traced the shipment from Mumbai to Mumbai-Pune Expressway.,"[[39, 45, ""GPE""], [49, 71, ""LOC""]]",multi_entity
"According to the CCTV record, Neeraj Shah visited Prime Warehousing in Indore.","[[30, 41, ""PERSON""], [50, 67, ""ORG""], [71, 77, ""GPE""]]",contrastive_negative
Police searched Bhiwandi Distribution Hub after receiving information.,"[[16, 41, ""FAC""]]",facility_context
Funds moved from an account linked to Imran Sheikh into Maharashtra State Bank.,"[[38, 50, ""PERSON""], [56, 78, ""ORG""]]",multi_entity
"The CDR records mentioned Priya Nair, Imran Sheikh, and Metro Logistics Pvt Ltd.","[[26, 36, ""PERSON""], [38, 50, ""PERSON""], [56, 79, ""ORG""]]",complex
Police located Priya Nair near Vashi Sector 17.,"[[15, 25, ""PERSON""], [31, 46, ""LOC""]]",multi_entity
Dev Malhotra worked with Nova Components in Mumbai.,"[[0, 12, ""PERSON""], [25, 40, ""ORG""], [44, 50, ""GPE""]]",multi_entity
"Sameer Khan transferred funds to National Freight Corporation, while Md. Arif Khan contacted KS Electronics.","[[0, 11, ""PERSON""], [33, 61, ""ORG""], [69, 82, ""PERSON""], [93, 107, ""ORG""]]",complex
Dev Malhotra met an employee of Maharashtra State Bank near Thane Creek.,"[[0, 12, ""PERSON""], [32, 54, ""ORG""], [60, 71, ""LOC""]]",multi_entity
Funds moved from an account linked to Rajiv Bansal into Maharashtra State Bank.,"[[38, 50, ""PERSON""], [56, 78, ""ORG""]]",multi_entity
"According to the Case File, Arjun Patel visited Prime Warehousing in Thane.","[[28, 39, ""PERSON""], [48, 65, ""ORG""], [69, 74, ""GPE""]]",contrastive_negative
Mohammed Arif Khan met an employee of Maharashtra State Bank near Mumbai-Pune Expressway.,"[[0, 18, ""PERSON""], [38, 60, ""ORG""], [66, 88, ""LOC""]]",multi_entity
The station diary entry was linked to an incident in Surat.,"[[53, 58, ""GPE""]]",hard_negative
Karan Sethi was seen entering Andheri Commercial Complex.,"[[0, 11, ""PERSON""], [30, 56, ""FAC""]]",facility_context
Karan Sethi travelled from Ahmedabad to Chennai with Priya Nair.,"[[0, 11, ""PERSON""], [27, 36, ""GPE""], [40, 47, ""GPE""], [53, 63, ""PERSON""]]",complex
M. A. Khan appeared in the CDR records.,"[[0, 10, ""PERSON""]]",hard_negative
The vehicle associated with Ayesha Khan was found near Mumbai-Pune Expressway.,"[[28, 39, ""PERSON""], [55, 77, ""LOC""]]",multi_entity
Western Freight Solutions operates a warehouse in Ahmedabad.,"[[0, 25, ""ORG""], [50, 59, ""GPE""]]",multi_entity
Investigators compared the CDR records with records from BlueLine Transport.,"[[57, 75, ""ORG""]]",contrastive_negative
The crime scene report contained references to Ayesha Khan and DM Trading Services.,"[[47, 58, ""PERSON""], [63, 82, ""ORG""]]",contrastive_negative
Ayesha Khan travelled from Pune to Hyderabad with Karan Sethi.,"[[0, 11, ""PERSON""], [27, 31, ""GPE""], [35, 44, ""GPE""], [50, 61, ""PERSON""]]",complex
Vikram Joshi travelled from Pune to Ahmedabad with Priya Nair.,"[[0, 12, ""PERSON""], [28, 32, ""GPE""], [36, 45, ""GPE""], [51, 61, ""PERSON""]]",complex
S. Iyer appeared in the seizure memo.,"[[0, 7, ""PERSON""]]",hard_negative
Prime Warehousing was named in the incident report reviewed by investigators.,"[[0, 17, ""ORG""]]",contrastive_negative
The directors of Maharashtra State Bank were questioned.,"[[17, 39, ""ORG""]]",org_context
Dev Malhotra appeared in the surveillance records.,"[[0, 12, ""PERSON""]]",hard_negative
National Freight Corporation was named in the surveillance record reviewed by investigators.,"[[0, 28, ""ORG""]]",contrastive_negative
DM Trading Services was named in the surveillance records reviewed by investigators.,"[[0, 19, ""ORG""]]",contrastive_negative
Maharashtra State Bank maintained an office in Navi Mumbai.,"[[0, 22, ""ORG""], [47, 58, ""GPE""]]",org_context
The suspect travelled from Lucknow to Mumbai.,"[[27, 34, ""GPE""], [38, 44, ""GPE""]]",location_context
The investigation report was linked to an incident in Pune.,"[[54, 58, ""GPE""]]",hard_negative
Investigators traced the shipment from Bengaluru to Thane Creek.,"[[39, 48, ""GPE""], [52, 63, ""LOC""]]",multi_entity
The vehicle associated with Imran Sheikh was found near Turbhe Industrial Area.,"[[28, 40, ""PERSON""], [56, 78, ""LOC""]]",multi_entity
Apex Distributors was named in the mobile extraction report reviewed by investigators.,"[[0, 17, ""ORG""]]",contrastive_negative
KS Electronics submitted invoices from its Kochi office.,"[[0, 14, ""ORG""], [43, 48, ""GPE""]]",multi_entity
The incident report was linked to an incident in Navi Mumbai.,"[[49, 60, ""GPE""]]",hard_negative
Funds moved from an account linked to Neeraj Shah into Metro Logistics Pvt Ltd.,"[[38, 49, ""PERSON""], [55, 78, ""ORG""]]",multi_entity
Suresh Iyer and Ananya Sharma met representatives of Maharashtra State Bank in Nagpur.,"[[0, 11, ""PERSON""], [16, 29, ""PERSON""], [53, 75, ""ORG""], [79, 85, ""GPE""]]",complex
A payment was made to KS Electronics.,"[[22, 36, ""ORG""]]",org_context
The seizure memo showed that S. Iyer had contacted City Cargo Services.,"[[29, 36, ""PERSON""], [51, 70, ""ORG""]]",contrastive_negative
Nova Components rented space at Bhiwandi Distribution Hub.,"[[0, 15, ""ORG""], [32, 57, ""FAC""]]",facility_context
The Location Surveillance Records mentioned R K Sharma.,"[[44, 54, ""PERSON""]]",hard_negative
Investigators collected the surveillance record for further examination.,[],hard_negative
Imran Sheikh transferred money to Nova Components from Indore.,"[[0, 12, ""PERSON""], [34, 49, ""ORG""], [55, 61, ""GPE""]]",multi_entity
The FIR was reviewed by the investigating officer.,[],hard_negative
The team reviewed the arrest memo before questioning S. Iyer.,"[[53, 60, ""PERSON""]]",hard_negative
Police located Ayesha Khan near Vashi Sector 17.,"[[15, 26, ""PERSON""], [32, 47, ""LOC""]]",multi_entity
"Mohammed Arif Khan transferred funds to KS Electronics, while Dev Malhotra contacted Metro Logistics Pvt Ltd.","[[0, 18, ""PERSON""], [40, 54, ""ORG""], [62, 74, ""PERSON""], [85, 108, ""ORG""]]",complex
The vehicle associated with Rajiv Bansal was found near Turbhe Industrial Area.,"[[28, 40, ""PERSON""], [56, 78, ""LOC""]]",multi_entity
Karan Sethi travelled from Kochi to Indore with S. Iyer.,"[[0, 11, ""PERSON""], [27, 32, ""GPE""], [36, 42, ""GPE""], [48, 55, ""PERSON""]]",complex
The surveillance record contained references to Mohit Chawla and City Cargo Services.,"[[48, 60, ""PERSON""], [65, 84, ""ORG""]]",contrastive_negative
The directors of Prime Warehousing were questioned.,"[[17, 34, ""ORG""]]",org_context
Ayesha Khan worked with Metro Logistics Pvt Ltd in Hyderabad.,"[[0, 11, ""PERSON""], [24, 47, ""ORG""], [51, 60, ""GPE""]]",multi_entity
The consignment was moved through Mumbai.,"[[34, 40, ""GPE""]]",location_context
The consignment was moved through Lucknow.,"[[34, 41, ""GPE""]]",location_context
Mohit Chawla and Imran Sheikh met representatives of City Cargo Services in Thane.,"[[0, 12, ""PERSON""], [17, 29, ""PERSON""], [53, 72, ""ORG""], [76, 81, ""GPE""]]",complex
Suresh Iyer transferred money to Metro Logistics Pvt Ltd from Chennai.,"[[0, 11, ""PERSON""], [33, 56, ""ORG""], [62, 69, ""GPE""]]",multi_entity
The CCTV footage contained references to Md. Arif Khan and City Cargo Services.,"[[41, 54, ""PERSON""], [59, 78, ""ORG""]]",contrastive_negative
Priya Nair worked with Maharashtra State Bank in Lucknow.,"[[0, 10, ""PERSON""], [23, 45, ""ORG""], [49, 56, ""GPE""]]",multi_entity
The CCTV record contained references to R K Sharma and Prime Warehousing.,"[[40, 50, ""PERSON""], [55, 72, ""ORG""]]",contrastive_negative
Shakti Traders submitted invoices from its Nagpur office.,"[[0, 14, ""ORG""], [43, 49, ""GPE""]]",multi_entity
The suspect travelled from Mumbai to Ahmedabad.,"[[27, 33, ""GPE""], [37, 46, ""GPE""]]",location_context
"According to the evidence log, Mohammed Arif Khan visited BlueLine Transport in Surat.","[[31, 49, ""PERSON""], [58, 76, ""ORG""], [80, 85, ""GPE""]]",contrastive_negative
M. A. Khan met an employee of KS Electronics near Bandra Kurla Complex.,"[[0, 10, ""PERSON""], [30, 44, ""ORG""], [50, 70, ""LOC""]]",multi_entity
The mobile extraction report mentioned Neeraj Shah.,"[[39, 50, ""PERSON""]]",hard_negative
The case file showed that Priya Nair had contacted Apex Distributors.,"[[26, 36, ""PERSON""], [51, 68, ""ORG""]]",contrastive_negative
The forensic report contained references to Ananya Sharma and Shakti Traders.,"[[44, 57, ""PERSON""], [62, 76, ""ORG""]]",contrastive_negative
Funds moved from an account linked to Neeraj Shah into City Cargo Services.,"[[38, 49, ""PERSON""], [55, 74, ""ORG""]]",multi_entity
Metro Logistics Pvt Ltd rented space at Vashi Logistics Yard.,"[[0, 23, ""ORG""], [40, 60, ""FAC""]]",facility_context
Western Freight Solutions operates a warehouse in Mumbai.,"[[0, 25, ""ORG""], [50, 56, ""GPE""]]",multi_entity
The consignment was moved through Navi Mumbai.,"[[34, 45, ""GPE""]]",location_context
The suspect travelled from Chennai to Nagpur.,"[[27, 34, ""GPE""], [38, 44, ""GPE""]]",location_context
The team reviewed the police report before questioning Rajiv Bansal.,"[[55, 67, ""PERSON""]]",hard_negative
Investigators traced the shipment from Jaipur to Vashi Sector 17.,"[[39, 45, ""GPE""], [49, 64, ""LOC""]]",multi_entity
Officers searched the area around Nhava Sheva Port Area.,"[[34, 55, ""LOC""]]",location_context
Dev Malhotra met an employee of Western Freight Solutions near Dharavi.,"[[0, 12, ""PERSON""], [32, 57, ""ORG""], [63, 70, ""LOC""]]",multi_entity
The vehicle was located near Bandra Kurla Complex.,"[[29, 49, ""LOC""]]",location_context
National Freight Corporation submitted invoices from its Chennai office.,"[[0, 28, ""ORG""], [57, 64, ""GPE""]]",multi_entity
"The surveillance records mentioned Sameer Khan, Rajiv Bansal, and City Cargo Services.","[[35, 46, ""PERSON""], [48, 60, ""PERSON""], [66, 85, ""ORG""]]",complex
The directors of Western Freight Solutions were questioned.,"[[17, 42, ""ORG""]]",org_context
The police report contained references to Suresh Iyer and Metro Logistics Pvt Ltd.,"[[42, 53, ""PERSON""], [58, 81, ""ORG""]]",contrastive_negative
Suresh Iyer and Sameer Khan met representatives of City Cargo Services in Chennai.,"[[0, 11, ""PERSON""], [16, 27, ""PERSON""], [51, 70, ""ORG""], [74, 81, ""GPE""]]",complex
The vehicle associated with Karan Sethi was found near Eastern Express Highway.,"[[28, 39, ""PERSON""], [55, 78, ""LOC""]]",multi_entity
Rajiv Bansal travelled from Indore to Pune with Imran Sheikh.,"[[0, 12, ""PERSON""], [28, 34, ""GPE""], [38, 42, ""GPE""], [48, 60, ""PERSON""]]",complex
DM Trading Services operates a warehouse in Jaipur.,"[[0, 19, ""ORG""], [44, 50, ""GPE""]]",multi_entity
The team reviewed the CCTV footage before questioning S. Iyer.,"[[54, 61, ""PERSON""]]",hard_negative
Investigators traced the shipment from Jaipur to Powai Lake Road.,"[[39, 45, ""GPE""], [49, 64, ""LOC""]]",multi_entity
Ayesha Khan worked with National Freight Corporation in Pune.,"[[0, 11, ""PERSON""], [24, 52, ""ORG""], [56, 60, ""GPE""]]",multi_entity
Investigators compared the incident report with records from Prime Warehousing.,"[[61, 78, ""ORG""]]",contrastive_negative
Arjun Patel transferred money to Maharashtra State Bank from Mumbai.,"[[0, 11, ""PERSON""], [33, 55, ""ORG""], [61, 67, ""GPE""]]",multi_entity
Karan Sethi transferred money to BlueLine Transport from Pune.,"[[0, 11, ""PERSON""], [33, 51, ""ORG""], [57, 61, ""GPE""]]",multi_entity
National Freight Corporation supplied invoices to investigators.,"[[0, 28, ""ORG""]]",org_context
The crime scene report contained references to M. A. Khan and KS Electronics.,"[[47, 57, ""PERSON""], [62, 76, ""ORG""]]",contrastive_negative
The CCTV records showed that Ayesha Khan had contacted Maharashtra State Bank.,"[[29, 40, ""PERSON""], [55, 77, ""ORG""]]",contrastive_negative
The directors of Nova Components were questioned.,"[[17, 32, ""ORG""]]",org_context
Karan Sethi was seen entering Vashi Logistics Yard.,"[[0, 11, ""PERSON""], [30, 50, ""FAC""]]",facility_context
R K Sharma travelled from Bengaluru to Thane with Ananya Sharma.,"[[0, 10, ""PERSON""], [26, 35, ""GPE""], [39, 44, ""GPE""], [50, 63, ""PERSON""]]",complex
The arrest memo showed that Suresh Iyer had contacted National Freight Corporation.,"[[28, 39, ""PERSON""], [54, 82, ""ORG""]]",contrastive_negative
The case file was linked to an incident in Surat.,"[[43, 48, ""GPE""]]",hard_negative
Nova Components was named in the CCTV records reviewed by investigators.,"[[0, 15, ""ORG""]]",contrastive_negative
"Mohit Chawla transferred funds to BlueLine Transport, while Suresh Iyer contacted DM Trading Services.","[[0, 12, ""PERSON""], [34, 52, ""ORG""], [60, 71, ""PERSON""], [82, 101, ""ORG""]]",complex
Investigators collected the forensic report for further examination.,[],hard_negative
Investigators traced the shipment from Thane to Bandra Kurla Complex.,"[[39, 44, ""GPE""], [48, 68, ""LOC""]]",multi_entity
Sameer Khan met an employee of Prime Warehousing near Bandra Kurla Complex.,"[[0, 11, ""PERSON""], [31, 48, ""ORG""], [54, 74, ""LOC""]]",multi_entity
The incident report was linked to an incident in Delhi.,"[[49, 54, ""GPE""]]",hard_negative
Police located Vikram Joshi near Eastern Express Highway.,"[[15, 27, ""PERSON""], [33, 56, ""LOC""]]",multi_entity
The vehicle associated with Ravi Deshmukh was found near Eastern Express Highway.,"[[28, 41, ""PERSON""], [57, 80, ""LOC""]]",multi_entity
Prime Warehousing submitted invoices from its Mumbai office.,"[[0, 17, ""ORG""], [46, 52, ""GPE""]]",multi_entity
Suresh Iyer was observed outside Prime Warehousing in Pune.,"[[0, 11, ""PERSON""], [33, 50, ""ORG""], [54, 58, ""GPE""]]",multi_entity
"According to the CDR records, R K Sharma visited National Freight Corporation in Ahmedabad.","[[30, 40, ""PERSON""], [49, 77, ""ORG""], [81, 90, ""GPE""]]",contrastive_negative
M. A. Khan worked with National Freight Corporation in Lucknow.,"[[0, 10, ""PERSON""], [23, 51, ""ORG""], [55, 62, ""GPE""]]",multi_entity
"According to the arrest memo, Priya Nair visited Shakti Traders in Kochi.","[[30, 40, ""PERSON""], [49, 63, ""ORG""], [67, 72, ""GPE""]]",contrastive_negative
Ravi Deshmukh worked with Apex Distributors in Hyderabad.,"[[0, 13, ""PERSON""], [26, 43, ""ORG""], [47, 56, ""GPE""]]",multi_entity
Investigators collected the CDR records for further examination.,[],hard_negative
The Call Detail Records contained references to Neeraj Shah and KS Electronics.,"[[48, 59, ""PERSON""], [64, 78, ""ORG""]]",contrastive_negative
DM Trading Services was named in the Case File reviewed by investigators.,"[[0, 19, ""ORG""]]",contrastive_negative
Mohit Chawla met an employee of KS Electronics near Mumbai-Pune Expressway.,"[[0, 12, ""PERSON""], [32, 46, ""ORG""], [52, 74, ""LOC""]]",multi_entity
The police report contained references to Ayesha Khan and Maharashtra State Bank.,"[[42, 53, ""PERSON""], [58, 80, ""ORG""]]",contrastive_negative
Investigators traced the shipment from Lucknow to Dharavi.,"[[39, 46, ""GPE""], [50, 57, ""LOC""]]",multi_entity
The financial records was linked to an incident in Jaipur.,"[[51, 57, ""GPE""]]",hard_negative
"According to the FIR record, Ananya Sharma visited Metro Logistics Pvt Ltd in Surat.","[[29, 42, ""PERSON""], [51, 74, ""ORG""], [78, 83, ""GPE""]]",contrastive_negative
Mohit Chawla travelled from Indore to Ahmedabad with R K Sharma.,"[[0, 12, ""PERSON""], [28, 34, ""GPE""], [38, 47, ""GPE""], [53, 63, ""PERSON""]]",complex
Mohit Chawla appeared in the FIR record.,"[[0, 12, ""PERSON""]]",hard_negative
Karan Sethi travelled from Navi Mumbai to Mumbai with S. Iyer.,"[[0, 11, ""PERSON""], [27, 38, ""GPE""], [42, 48, ""GPE""], [54, 61, ""PERSON""]]",complex
The FIR showed that Suresh Iyer had contacted KS Electronics.,"[[20, 31, ""PERSON""], [46, 60, ""ORG""]]",contrastive_negative
The Location Surveillance Records showed that Arjun Patel had contacted DM Trading Services.,"[[46, 57, ""PERSON""], [72, 91, ""ORG""]]",contrastive_negative
Mohammed Arif Khan met an employee of Apex Distributors near Vashi Sector 17.,"[[0, 18, ""PERSON""], [38, 55, ""ORG""], [61, 76, ""LOC""]]",multi_entity
Investigators traced the shipment from Kochi to Eastern Express Highway.,"[[39, 44, ""GPE""], [48, 71, ""LOC""]]",multi_entity
The seizure memo mentioned Karan Sethi.,"[[27, 38, ""PERSON""]]",hard_negative
Ravi Deshmukh appeared in the incident report.,"[[0, 13, ""PERSON""]]",hard_negative
The Location Surveillance Record was reviewed by the investigating officer.,[],hard_negative
The consignment was moved through Chennai.,"[[34, 41, ""GPE""]]",location_context
Mohammed Arif Khan was observed outside City Cargo Services in Nagpur.,"[[0, 18, ""PERSON""], [40, 59, ""ORG""], [63, 69, ""GPE""]]",multi_entity
Police located Md. Arif Khan near Bandra Kurla Complex.,"[[15, 28, ""PERSON""], [34, 54, ""LOC""]]",multi_entity
Dev Malhotra transferred money to Maharashtra State Bank from Pune.,"[[0, 12, ""PERSON""], [34, 56, ""ORG""], [62, 66, ""GPE""]]",multi_entity
Funds moved from an account linked to Mohammed Arif Khan into DM Trading Services.,"[[38, 56, ""PERSON""], [62, 81, ""ORG""]]",multi_entity
Western Freight Solutions was named in the forensic report reviewed by investigators.,"[[0, 25, ""ORG""]]",contrastive_negative
Rajiv Bansal appeared in the bank records.,"[[0, 12, ""PERSON""]]",hard_negative
"The CCTV record mentioned Karan Sethi, Md. Arif Khan, and Metro Logistics Pvt Ltd.","[[26, 37, ""PERSON""], [39, 52, ""PERSON""], [58, 81, ""ORG""]]",complex
Police located Vikram Joshi near Thane Creek.,"[[15, 27, ""PERSON""], [33, 44, ""LOC""]]",multi_entity
Ananya Sharma transferred money to National Freight Corporation from Thane.,"[[0, 13, ""PERSON""], [35, 63, ""ORG""], [69, 74, ""GPE""]]",multi_entity
Suresh Iyer transferred money to KS Electronics from Bengaluru.,"[[0, 11, ""PERSON""], [33, 47, ""ORG""], [53, 62, ""GPE""]]",multi_entity
"The mobile extraction report mentioned S. Iyer, Ayesha Khan, and BlueLine Transport.","[[39, 46, ""PERSON""], [48, 59, ""PERSON""], [65, 83, ""ORG""]]",complex
Investigators compared the FIR with records from Prime Warehousing.,"[[49, 66, ""ORG""]]",contrastive_negative
Imran Sheikh was observed outside Maharashtra State Bank in Chennai.,"[[0, 12, ""PERSON""], [34, 56, ""ORG""], [60, 67, ""GPE""]]",multi_entity
"The mobile extraction report mentioned M. A. Khan, Imran Sheikh, and Western Freight Solutions.","[[39, 49, ""PERSON""], [51, 63, ""PERSON""], [69, 94, ""ORG""]]",complex
The forensic report showed that Suresh Iyer had contacted Western Freight Solutions.,"[[32, 43, ""PERSON""], [58, 83, ""ORG""]]",contrastive_negative
"Mohit Chawla transferred funds to KS Electronics, while Suresh Iyer contacted Shakti Traders.","[[0, 12, ""PERSON""], [34, 48, ""ORG""], [56, 67, ""PERSON""], [78, 92, ""ORG""]]",complex
The mobile extraction report was reviewed by the investigating officer.,[],hard_negative
"Mohammed Arif Khan transferred funds to Apex Distributors, while M. A. Khan contacted Metro Logistics Pvt Ltd.","[[0, 18, ""PERSON""], [40, 57, ""ORG""], [65, 75, ""PERSON""], [86, 109, ""ORG""]]",complex
Rajiv Bansal worked with BlueLine Transport in Ahmedabad.,"[[0, 12, ""PERSON""], [25, 43, ""ORG""], [47, 56, ""GPE""]]",multi_entity
Apex Distributors operates a warehouse in Thane.,"[[0, 17, ""ORG""], [42, 47, ""GPE""]]",multi_entity
M. A. Khan worked with National Freight Corporation in Kochi.,"[[0, 10, ""PERSON""], [23, 51, ""ORG""], [55, 60, ""GPE""]]",multi_entity
The witness statement mentioned Md. Arif Khan.,"[[32, 45, ""PERSON""]]",hard_negative
"Ravi Deshmukh transferred funds to Western Freight Solutions, while Ananya Sharma contacted Apex Distributors.","[[0, 13, ""PERSON""], [35, 60, ""ORG""], [68, 81, ""PERSON""], [92, 109, ""ORG""]]",complex
Neeraj Shah transferred money to Prime Warehousing from Nagpur.,"[[0, 11, ""PERSON""], [33, 50, ""ORG""], [56, 62, ""GPE""]]",multi_entity
Mohit Chawla appeared in the CCTV footage.,"[[0, 12, ""PERSON""]]",hard_negative
No useful information was found in the surveillance records.,[],hard_negative
Sameer Khan was observed outside Maharashtra State Bank in Indore.,"[[0, 11, ""PERSON""], [33, 55, ""ORG""], [59, 65, ""GPE""]]",multi_entity
Priya Nair was seen entering Sector 19 Storage Depot.,"[[0, 10, ""PERSON""], [29, 52, ""FAC""]]",facility_context
"Sameer Khan transferred funds to Shakti Traders, while Suresh Iyer contacted Prime Warehousing.","[[0, 11, ""PERSON""], [33, 47, ""ORG""], [55, 66, ""PERSON""], [77, 94, ""ORG""]]",complex
The forensic report was linked to an incident in Navi Mumbai.,"[[49, 60, ""GPE""]]",hard_negative
Prime Warehousing rented space at Andheri Commercial Complex.,"[[0, 17, ""ORG""], [34, 60, ""FAC""]]",facility_context
Mohammed Arif Khan was observed outside City Cargo Services in Navi Mumbai.,"[[0, 18, ""PERSON""], [40, 59, ""ORG""], [63, 74, ""GPE""]]",multi_entity
The seizure memo contained references to Arjun Patel and Apex Distributors.,"[[41, 52, ""PERSON""], [57, 74, ""ORG""]]",contrastive_negative
Entries in the crime scene report were compared with bank transactions.,[],hard_negative
Rohan Mehta met an employee of Apex Distributors near Mumbai-Pune Expressway.,"[[0, 11, ""PERSON""], [31, 48, ""ORG""], [54, 76, ""LOC""]]",multi_entity
S. Iyer travelled from Kochi to Navi Mumbai with Priya Nair.,"[[0, 7, ""PERSON""], [23, 28, ""GPE""], [32, 43, ""GPE""], [49, 59, ""PERSON""]]",complex
Metro Logistics Pvt Ltd rented space at Sector 19 Storage Depot.,"[[0, 23, ""ORG""], [40, 63, ""FAC""]]",facility_context
Priya Nair and Imran Sheikh met representatives of Western Freight Solutions in Jaipur.,"[[0, 10, ""PERSON""], [15, 27, ""PERSON""], [51, 76, ""ORG""], [80, 86, ""GPE""]]",complex
S. Iyer appeared in the FIR record.,"[[0, 7, ""PERSON""]]",hard_negative
Vikram Joshi appeared in the bank records.,"[[0, 12, ""PERSON""]]",hard_negative
R K Sharma travelled from Lucknow to Delhi with Md. Arif Khan.,"[[0, 10, ""PERSON""], [26, 33, ""GPE""], [37, 42, ""GPE""], [48, 61, ""PERSON""]]",complex
Maharashtra State Bank submitted invoices from its Thane office.,"[[0, 22, ""ORG""], [51, 56, ""GPE""]]",multi_entity
The CCTV footage contained references to Rajiv Bansal and City Cargo Services.,"[[41, 53, ""PERSON""], [58, 77, ""ORG""]]",contrastive_negative
The Location Surveillance Records was linked to an incident in Chennai.,"[[63, 70, ""GPE""]]",hard_negative
Investigators compared the bank records with records from Prime Warehousing.,"[[58, 75, ""ORG""]]",contrastive_negative
Mohit Chawla met an employee of City Cargo Services near Eastern Express Highway.,"[[0, 12, ""PERSON""], [32, 51, ""ORG""], [57, 80, ""LOC""]]",multi_entity
"R K Sharma transferred funds to Maharashtra State Bank, while Mohit Chawla contacted Prime Warehousing.","[[0, 10, ""PERSON""], [32, 54, ""ORG""], [62, 74, ""PERSON""], [85, 102, ""ORG""]]",complex
Shakti Traders operates a warehouse in Jaipur.,"[[0, 14, ""ORG""], [39, 45, ""GPE""]]",multi_entity
The investigation report was linked to an incident in Mumbai.,"[[54, 60, ""GPE""]]",hard_negative
KS Electronics maintained an office in Hyderabad.,"[[0, 14, ""ORG""], [39, 48, ""GPE""]]",org_context
Entries in the Call Detail Records were compared with bank transactions.,[],hard_negative
Ayesha Khan appeared in the case file.,"[[0, 11, ""PERSON""]]",hard_negative
Suresh Iyer travelled from Navi Mumbai to Chennai with Karan Sethi.,"[[0, 11, ""PERSON""], [27, 38, ""GPE""], [42, 49, ""GPE""], [55, 66, ""PERSON""]]",complex
Entries in the forensic report were compared with bank transactions.,[],hard_negative
DM Trading Services rented space at Bhiwandi Distribution Hub.,"[[0, 19, ""ORG""], [36, 61, ""FAC""]]",facility_context
The team reviewed the case file before questioning Rohan Mehta.,"[[51, 62, ""PERSON""]]",hard_negative
R K Sharma worked with Apex Distributors in Bengaluru.,"[[0, 10, ""PERSON""], [23, 40, ""ORG""], [44, 53, ""GPE""]]",multi_entity
Investigators compared the station diary entry with records from Nova Components.,"[[65, 80, ""ORG""]]",contrastive_negative
The team reviewed the seizure memo before questioning Rohan Mehta.,"[[54, 65, ""PERSON""]]",hard_negative
The financial records contained references to Suresh Iyer and National Freight Corporation.,"[[46, 57, ""PERSON""], [62, 90, ""ORG""]]",contrastive_negative
Maharashtra State Bank rented space at Sector 19 Storage Depot.,"[[0, 22, ""ORG""], [39, 62, ""FAC""]]",facility_context
Arjun Patel and R K Sharma met representatives of Western Freight Solutions in Thane.,"[[0, 11, ""PERSON""], [16, 26, ""PERSON""], [50, 75, ""ORG""], [79, 84, ""GPE""]]",complex
The control room log showed that Ayesha Khan had contacted Prime Warehousing.,"[[33, 44, ""PERSON""], [59, 76, ""ORG""]]",contrastive_negative
Entries in the investigation report were compared with bank transactions.,[],hard_negative
The surveillance record contained references to Rajiv Bansal and Western Freight Solutions.,"[[48, 60, ""PERSON""], [65, 90, ""ORG""]]",contrastive_negative
Ananya Sharma appeared in the CCTV footage.,"[[0, 13, ""PERSON""]]",hard_negative
Arjun Patel transferred money to Metro Logistics Pvt Ltd from Indore.,"[[0, 11, ""PERSON""], [33, 56, ""ORG""], [62, 68, ""GPE""]]",multi_entity
The CDR records mentioned Md. Arif Khan.,"[[26, 39, ""PERSON""]]",hard_negative
The CCTV footage was linked to an incident in Indore.,"[[46, 52, ""GPE""]]",hard_negative
Mohit Chawla was seen entering Andheri Commercial Complex.,"[[0, 12, ""PERSON""], [31, 57, ""FAC""]]",facility_context
Arjun Patel appeared in the case file.,"[[0, 11, ""PERSON""]]",hard_negative
Metro Logistics Pvt Ltd submitted invoices from its Jaipur office.,"[[0, 23, ""ORG""], [52, 58, ""GPE""]]",multi_entity
Neeraj Shah appeared in the surveillance record.,"[[0, 11, ""PERSON""]]",hard_negative
Imran Sheikh worked with Maharashtra State Bank in Bengaluru.,"[[0, 12, ""PERSON""], [25, 47, ""ORG""], [51, 60, ""GPE""]]",multi_entity
Police located Ayesha Khan near Turbhe Industrial Area.,"[[15, 26, ""PERSON""], [32, 54, ""LOC""]]",multi_entity
"According to the CCTV record, Ananya Sharma visited Shakti Traders in Indore.","[[30, 43, ""PERSON""], [52, 66, ""ORG""], [70, 76, ""GPE""]]",contrastive_negative
The suspect travelled from Lucknow to Navi Mumbai.,"[[27, 34, ""GPE""], [38, 49, ""GPE""]]",location_context
Investigators collected the police report for further examination.,[],hard_negative
"According to the Call Detail Records, Ravi Deshmukh visited BlueLine Transport in Navi Mumbai.","[[38, 51, ""PERSON""], [60, 78, ""ORG""], [82, 93, ""GPE""]]",contrastive_negative
The police report contained references to Karan Sethi and Shakti Traders.,"[[42, 53, ""PERSON""], [58, 72, ""ORG""]]",contrastive_negative
"Ananya Sharma transferred funds to Western Freight Solutions, while Arjun Patel contacted Apex Distributors.","[[0, 13, ""PERSON""], [35, 60, ""ORG""], [68, 79, ""PERSON""], [90, 107, ""ORG""]]",complex
Investigators compared the seizure memo with records from Nova Components.,"[[58, 73, ""ORG""]]",contrastive_negative
Police searched Vashi Logistics Yard after receiving information.,"[[16, 36, ""FAC""]]",facility_context
The evidence log was linked to an incident in Chennai.,"[[46, 53, ""GPE""]]",hard_negative
Prime Warehousing submitted invoices from its Chennai office.,"[[0, 17, ""ORG""], [46, 53, ""GPE""]]",multi_entity
The police report showed that Arjun Patel had contacted Western Freight Solutions.,"[[30, 41, ""PERSON""], [56, 81, ""ORG""]]",contrastive_negative
The vehicle associated with Imran Sheikh was found near Bandra Kurla Complex.,"[[28, 40, ""PERSON""], [56, 76, ""LOC""]]",multi_entity
The suspect travelled from Bengaluru to Navi Mumbai.,"[[27, 36, ""GPE""], [40, 51, ""GPE""]]",location_context
The seizure memo was linked to an incident in Chennai.,"[[46, 53, ""GPE""]]",hard_negative
The CCTV footage contained references to Md. Arif Khan and Apex Distributors.,"[[41, 54, ""PERSON""], [59, 76, ""ORG""]]",contrastive_negative
DM Trading Services submitted invoices from its Nagpur office.,"[[0, 19, ""ORG""], [48, 54, ""GPE""]]",multi_entity
Shakti Traders submitted invoices from its Kochi office.,"[[0, 14, ""ORG""], [43, 48, ""GPE""]]",multi_entity
Funds moved from an account linked to Ravi Deshmukh into KS Electronics.,"[[38, 51, ""PERSON""], [57, 71, ""ORG""]]",multi_entity
"According to the surveillance records, Ravi Deshmukh visited Apex Distributors in Ahmedabad.","[[39, 52, ""PERSON""], [61, 78, ""ORG""], [82, 91, ""GPE""]]",contrastive_negative
Investigators traced the shipment from Kochi to Powai Lake Road.,"[[39, 44, ""GPE""], [48, 63, ""LOC""]]",multi_entity
The financial records was reviewed by the investigating officer.,[],hard_negative
"The control room log mentioned Vikram Joshi, Imran Sheikh, and BlueLine Transport.","[[31, 43, ""PERSON""], [45, 57, ""PERSON""], [63, 81, ""ORG""]]",complex
Funds moved from an account linked to Rohan Mehta into National Freight Corporation.,"[[38, 49, ""PERSON""], [55, 83, ""ORG""]]",multi_entity
The CCTV footage mentioned Mohammed Arif Khan.,"[[27, 45, ""PERSON""]]",hard_negative
Dev Malhotra met an employee of Shakti Traders near Bandra Kurla Complex.,"[[0, 12, ""PERSON""], [32, 46, ""ORG""], [52, 72, ""LOC""]]",multi_entity
Mohammed Arif Khan met an employee of National Freight Corporation near Powai Lake Road.,"[[0, 18, ""PERSON""], [38, 66, ""ORG""], [72, 87, ""LOC""]]",multi_entity
The witness statement contained references to Mohit Chawla and BlueLine Transport.,"[[46, 58, ""PERSON""], [63, 81, ""ORG""]]",contrastive_negative
The witness statement was linked to an incident in Bengaluru.,"[[51, 60, ""GPE""]]",hard_negative
Investigators traced the shipment from Navi Mumbai to Turbhe Industrial Area.,"[[39, 50, ""GPE""], [54, 76, ""LOC""]]",multi_entity
"The crime scene report mentioned Md. Arif Khan, S. Iyer, and Prime Warehousing.","[[33, 46, ""PERSON""], [48, 55, ""PERSON""], [61, 78, ""ORG""]]",complex
The investigation report showed that Mohammed Arif Khan had contacted Metro Logistics Pvt Ltd.,"[[37, 55, ""PERSON""], [70, 93, ""ORG""]]",contrastive_negative
KS Electronics was named in the Location Surveillance Record reviewed by investigators.,"[[0, 14, ""ORG""]]",contrastive_negative
Arjun Patel appeared in the surveillance records.,"[[0, 11, ""PERSON""]]",hard_negative
Vikram Joshi travelled from Hyderabad to Indore with Md. Arif Khan.,"[[0, 12, ""PERSON""], [28, 37, ""GPE""], [41, 47, ""GPE""], [53, 66, ""PERSON""]]",complex
Investigators compared the Case File with records from Shakti Traders.,"[[55, 69, ""ORG""]]",contrastive_negative
"According to the surveillance records, Priya Nair visited Prime Warehousing in Thane.","[[39, 49, ""PERSON""], [58, 75, ""ORG""], [79, 84, ""GPE""]]",contrastive_negative
"The Location Surveillance Records mentioned Rohan Mehta, Karan Sethi, and Shakti Traders.","[[44, 55, ""PERSON""], [57, 68, ""PERSON""], [74, 88, ""ORG""]]",complex
The control room log was reviewed by the investigating officer.,[],hard_negative
Investigators compared the witness statement with records from Western Freight Solutions.,"[[63, 88, ""ORG""]]",contrastive_negative
Prime Warehousing was named in the police report reviewed by investigators.,"[[0, 17, ""ORG""]]",contrastive_negative
"According to the CDR records, Sameer Khan visited Prime Warehousing in Ahmedabad.","[[30, 41, ""PERSON""], [50, 67, ""ORG""], [71, 80, ""GPE""]]",contrastive_negative
Nova Components operates a warehouse in Indore.,"[[0, 15, ""ORG""], [40, 46, ""GPE""]]",multi_entity
City Cargo Services operates a warehouse in Chennai.,"[[0, 19, ""ORG""], [44, 51, ""GPE""]]",multi_entity
Investigators traced the shipment from Mumbai to Thane Creek.,"[[39, 45, ""GPE""], [49, 60, ""LOC""]]",multi_entity
"According to the FIR, R K Sharma visited Maharashtra State Bank in Indore.","[[22, 32, ""PERSON""], [41, 63, ""ORG""], [67, 73, ""GPE""]]",contrastive_negative
Ayesha Khan appeared in the financial records.,"[[0, 11, ""PERSON""]]",hard_negative
The case file showed that Priya Nair had contacted KS Electronics.,"[[26, 36, ""PERSON""], [51, 65, ""ORG""]]",contrastive_negative
Prime Warehousing operates a warehouse in Kochi.,"[[0, 17, ""ORG""], [42, 47, ""GPE""]]",multi_entity
Rajiv Bansal appeared in the arrest memo.,"[[0, 12, ""PERSON""]]",hard_negative
The Location Surveillance Record was linked to an incident in Mumbai.,"[[62, 68, ""GPE""]]",hard_negative
Funds moved from an account linked to Suresh Iyer into Nova Components.,"[[38, 49, ""PERSON""], [55, 70, ""ORG""]]",multi_entity
S. Iyer met an employee of National Freight Corporation near Andheri East.,"[[0, 7, ""PERSON""], [27, 55, ""ORG""], [61, 73, ""LOC""]]",multi_entity
The team reviewed the Location Surveillance Records before questioning R K Sharma.,"[[71, 81, ""PERSON""]]",hard_negative
No useful information was found in the forensic report.,[],hard_negative
Investigators compared the mobile extraction report with records from BlueLine Transport.,"[[70, 88, ""ORG""]]",contrastive_negative
Shakti Traders operates a warehouse in Ahmedabad.,"[[0, 14, ""ORG""], [39, 48, ""GPE""]]",multi_entity
Police located Mohit Chawla near Thane Creek.,"[[15, 27, ""PERSON""], [33, 44, ""LOC""]]",multi_entity
KS Electronics operates a warehouse in Nagpur.,"[[0, 14, ""ORG""], [39, 45, ""GPE""]]",multi_entity
Ravi Deshmukh transferred money to Prime Warehousing from Navi Mumbai.,"[[0, 13, ""PERSON""], [35, 52, ""ORG""], [58, 69, ""GPE""]]",multi_entity
The witness statement was reviewed by the investigating officer.,[],hard_negative
Rajiv Bansal travelled from Mumbai to Jaipur with Mohammed Arif Khan.,"[[0, 12, ""PERSON""], [28, 34, ""GPE""], [38, 44, ""GPE""], [50, 68, ""PERSON""]]",complex
Officers searched the area around Thane Creek.,"[[34, 45, ""LOC""]]",location_context
No useful information was found in the arrest memo.,[],hard_negative
M. A. Khan appeared in the FIR.,"[[0, 10, ""PERSON""]]",hard_negative
"According to the evidence log, Mohammed Arif Khan visited KS Electronics in Indore.","[[31, 49, ""PERSON""], [58, 72, ""ORG""], [76, 82, ""GPE""]]",contrastive_negative
The team reviewed the vehicle movement record before questioning Suresh Iyer.,"[[65, 76, ""PERSON""]]",hard_negative
Mohammed Arif Khan travelled from Pune to Ahmedabad with Rajiv Bansal.,"[[0, 18, ""PERSON""], [34, 38, ""GPE""], [42, 51, ""GPE""], [57, 69, ""PERSON""]]",complex
"The CCTV footage mentioned Ayesha Khan, Dev Malhotra, and Metro Logistics Pvt Ltd.","[[27, 38, ""PERSON""], [40, 52, ""PERSON""], [58, 81, ""ORG""]]",complex
Prime Warehousing was named in the bank records reviewed by investigators.,"[[0, 17, ""ORG""]]",contrastive_negative
Records from KS Electronics were collected by police.,"[[13, 27, ""ORG""]]",org_context
Shakti Traders submitted invoices from its Bengaluru office.,"[[0, 14, ""ORG""], [43, 52, ""GPE""]]",multi_entity
The incident report showed that Vikram Joshi had contacted Metro Logistics Pvt Ltd.,"[[32, 44, ""PERSON""], [59, 82, ""ORG""]]",contrastive_negative
National Freight Corporation submitted invoices from its Hyderabad office.,"[[0, 28, ""ORG""], [57, 66, ""GPE""]]",multi_entity
The vehicle was located near Turbhe Industrial Area.,"[[29, 51, ""LOC""]]",location_context
Md. Arif Khan transferred money to DM Trading Services from Jaipur.,"[[0, 13, ""PERSON""], [35, 54, ""ORG""], [60, 66, ""GPE""]]",multi_entity
"According to the seizure memo, Karan Sethi visited KS Electronics in Bengaluru.","[[31, 42, ""PERSON""], [51, 65, ""ORG""], [69, 78, ""GPE""]]",contrastive_negative
The vehicle associated with S. Iyer was found near Powai Lake Road.,"[[28, 35, ""PERSON""], [51, 66, ""LOC""]]",multi_entity
Records from BlueLine Transport were collected by police.,"[[13, 31, ""ORG""]]",org_context
Dev Malhotra appeared in the witness statement.,"[[0, 12, ""PERSON""]]",hard_negative
The CCTV record contained references to Neeraj Shah and Shakti Traders.,"[[40, 51, ""PERSON""], [56, 70, ""ORG""]]",contrastive_negative
"According to the CCTV footage, Arjun Patel visited Apex Distributors in Pune.","[[31, 42, ""PERSON""], [51, 68, ""ORG""], [72, 76, ""GPE""]]",contrastive_negative
The team reviewed the police report before questioning Ananya Sharma.,"[[55, 68, ""PERSON""]]",hard_negative
R K Sharma was observed outside Western Freight Solutions in Thane.,"[[0, 10, ""PERSON""], [32, 57, ""ORG""], [61, 66, ""GPE""]]",multi_entity
The vehicle associated with Rajiv Bansal was found near Bandra Kurla Complex.,"[[28, 40, ""PERSON""], [56, 76, ""LOC""]]",multi_entity
The Call Detail Records contained references to Ananya Sharma and National Freight Corporation.,"[[48, 61, ""PERSON""], [66, 94, ""ORG""]]",contrastive_negative
The CCTV record showed that R K Sharma had contacted National Freight Corporation.,"[[28, 38, ""PERSON""], [53, 81, ""ORG""]]",contrastive_negative
The Case File was linked to an incident in Mumbai.,"[[43, 49, ""GPE""]]",hard_negative
Apex Distributors was named in the police report reviewed by investigators.,"[[0, 17, ""ORG""]]",contrastive_negative
The FIR record contained references to Vikram Joshi and Prime Warehousing.,"[[39, 51, ""PERSON""], [56, 73, ""ORG""]]",contrastive_negative
Ananya Sharma travelled from Pune to Indore with S. Iyer.,"[[0, 13, ""PERSON""], [29, 33, ""GPE""], [37, 43, ""GPE""], [49, 56, ""PERSON""]]",complex
"Ravi Deshmukh transferred funds to BlueLine Transport, while Imran Sheikh contacted Nova Components.","[[0, 13, ""PERSON""], [35, 53, ""ORG""], [61, 73, ""PERSON""], [84, 99, ""ORG""]]",complex
Funds moved from an account linked to Mohit Chawla into City Cargo Services.,"[[38, 50, ""PERSON""], [56, 75, ""ORG""]]",multi_entity
The incident occurred in Jaipur.,"[[25, 31, ""GPE""]]",location_context
Investigators compared the witness statement with records from DM Trading Services.,"[[63, 82, ""ORG""]]",contrastive_negative
Mohit Chawla was observed outside Apex Distributors in Chennai.,"[[0, 12, ""PERSON""], [34, 51, ""ORG""], [55, 62, ""GPE""]]",multi_entity
Investigators collected the arrest memo for further examination.,[],hard_negative
Dev Malhotra was observed outside Apex Distributors in Delhi.,"[[0, 12, ""PERSON""], [34, 51, ""ORG""], [55, 60, ""GPE""]]",multi_entity
Arjun Patel travelled from Thane to Pune with Rohan Mehta.,"[[0, 11, ""PERSON""], [27, 32, ""GPE""], [36, 40, ""GPE""], [46, 57, ""PERSON""]]",complex
Rajiv Bansal and Karan Sethi met representatives of KS Electronics in Indore.,"[[0, 12, ""PERSON""], [17, 28, ""PERSON""], [52, 66, ""ORG""], [70, 76, ""GPE""]]",complex
Apex Distributors submitted invoices from its Ahmedabad office.,"[[0, 17, ""ORG""], [46, 55, ""GPE""]]",multi_entity
The Location Surveillance Record showed that Arjun Patel had contacted Prime Warehousing.,"[[45, 56, ""PERSON""], [71, 88, ""ORG""]]",contrastive_negative
Funds moved from an account linked to Suresh Iyer into City Cargo Services.,"[[38, 49, ""PERSON""], [55, 74, ""ORG""]]",multi_entity
"According to the crime scene report, Priya Nair visited Shakti Traders in Thane.","[[37, 47, ""PERSON""], [56, 70, ""ORG""], [74, 79, ""GPE""]]",contrastive_negative
The Call Detail Records showed that Ravi Deshmukh had contacted Maharashtra State Bank.,"[[36, 49, ""PERSON""], [64, 86, ""ORG""]]",contrastive_negative
Police located Suresh Iyer near Bandra Kurla Complex.,"[[15, 26, ""PERSON""], [32, 52, ""LOC""]]",multi_entity
The suspect travelled from Navi Mumbai to Hyderabad.,"[[27, 38, ""GPE""], [42, 51, ""GPE""]]",location_context
"The Case File mentioned Mohammed Arif Khan, S. Iyer, and City Cargo Services.","[[24, 42, ""PERSON""], [44, 51, ""PERSON""], [57, 76, ""ORG""]]",complex
The case file mentioned Arjun Patel.,"[[24, 35, ""PERSON""]]",hard_negative
The directors of Shakti Traders were questioned.,"[[17, 31, ""ORG""]]",org_context
Sameer Khan was observed outside Apex Distributors in Chennai.,"[[0, 11, ""PERSON""], [33, 50, ""ORG""], [54, 61, ""GPE""]]",multi_entity
The surveillance records contained references to Rohan Mehta and BlueLine Transport.,"[[49, 60, ""PERSON""], [65, 83, ""ORG""]]",contrastive_negative
Police located Ayesha Khan near Mumbai-Pune Expressway.,"[[15, 26, ""PERSON""], [32, 54, ""LOC""]]",multi_entity
Priya Nair transferred money to Maharashtra State Bank from Lucknow.,"[[0, 10, ""PERSON""], [32, 54, ""ORG""], [60, 67, ""GPE""]]",multi_entity
The vehicle associated with Rajiv Bansal was found near Vashi Sector 17.,"[[28, 40, ""PERSON""], [56, 71, ""LOC""]]",multi_entity
"According to the surveillance record, Vikram Joshi visited Maharashtra State Bank in Mumbai.","[[38, 50, ""PERSON""], [59, 81, ""ORG""], [85, 91, ""GPE""]]",contrastive_negative
"The vehicle movement record mentioned Rajiv Bansal, Vikram Joshi, and Shakti Traders.","[[38, 50, ""PERSON""], [52, 64, ""PERSON""], [70, 84, ""ORG""]]",complex
Investigators compared the arrest memo with records from Western Freight Solutions.,"[[57, 82, ""ORG""]]",contrastive_negative
The team reviewed the crime scene report before questioning Priya Nair.,"[[60, 70, ""PERSON""]]",hard_negative
Records from National Freight Corporation were collected by police.,"[[13, 41, ""ORG""]]",org_context
"R K Sharma transferred funds to Prime Warehousing, while Ayesha Khan contacted Maharashtra State Bank.","[[0, 10, ""PERSON""], [32, 49, ""ORG""], [57, 68, ""PERSON""], [79, 101, ""ORG""]]",complex
The witness statement contained references to Imran Sheikh and National Freight Corporation.,"[[46, 58, ""PERSON""], [63, 91, ""ORG""]]",contrastive_negative
Police located Ananya Sharma near Eastern Express Highway.,"[[15, 28, ""PERSON""], [34, 57, ""LOC""]]",multi_entity
The directors of Apex Distributors were questioned.,"[[17, 34, ""ORG""]]",org_context
The vehicle associated with Rohan Mehta was found near Andheri East.,"[[28, 39, ""PERSON""], [55, 67, ""LOC""]]",multi_entity
The Location Surveillance Record contained references to M. A. Khan and City Cargo Services.,"[[57, 67, ""PERSON""], [72, 91, ""ORG""]]",contrastive_negative
Prime Warehousing submitted invoices from its Kochi office.,"[[0, 17, ""ORG""], [46, 51, ""GPE""]]",multi_entity
The suspect travelled from Surat to Navi Mumbai.,"[[27, 32, ""GPE""], [36, 47, ""GPE""]]",location_context
Imran Sheikh transferred money to Maharashtra State Bank from Indore.,"[[0, 12, ""PERSON""], [34, 56, ""ORG""], [62, 68, ""GPE""]]",multi_entity
The CCTV footage was linked to an incident in Chennai.,"[[46, 53, ""GPE""]]",hard_negative
Mohit Chawla appeared in the FIR.,"[[0, 12, ""PERSON""]]",hard_negative
M. A. Khan transferred money to KS Electronics from Lucknow.,"[[0, 10, ""PERSON""], [32, 46, ""ORG""], [52, 59, ""GPE""]]",multi_entity
The bank records contained references to R K Sharma and Prime Warehousing.,"[[41, 51, ""PERSON""], [56, 73, ""ORG""]]",contrastive_negative
KS Electronics operates a warehouse in Hyderabad.,"[[0, 14, ""ORG""], [39, 48, ""GPE""]]",multi_entity
The team reviewed the investigation report before questioning Ananya Sharma.,"[[62, 75, ""PERSON""]]",hard_negative
Funds moved from an account linked to Ananya Sharma into Shakti Traders.,"[[38, 51, ""PERSON""], [57, 71, ""ORG""]]",multi_entity
R K Sharma met an employee of Prime Warehousing near Mumbai-Pune Expressway.,"[[0, 10, ""PERSON""], [30, 47, ""ORG""], [53, 75, ""LOC""]]",multi_entity
The FIR record showed that Vikram Joshi had contacted Metro Logistics Pvt Ltd.,"[[27, 39, ""PERSON""], [54, 77, ""ORG""]]",contrastive_negative
"According to the forensic report, S. Iyer visited Western Freight Solutions in Jaipur.","[[34, 41, ""PERSON""], [50, 75, ""ORG""], [79, 85, ""GPE""]]",contrastive_negative
DM Trading Services submitted invoices from its Indore office.,"[[0, 19, ""ORG""], [48, 54, ""GPE""]]",multi_entity
BlueLine Transport was named in the CCTV records reviewed by investigators.,"[[0, 18, ""ORG""]]",contrastive_negative
Investigators compared the police report with records from DM Trading Services.,"[[59, 78, ""ORG""]]",contrastive_negative
Funds moved from an account linked to Vikram Joshi into KS Electronics.,"[[38, 50, ""PERSON""], [56, 70, ""ORG""]]",multi_entity
Funds moved from an account linked to Sameer Khan into Nova Components.,"[[38, 49, ""PERSON""], [55, 70, ""ORG""]]",multi_entity
Maharashtra State Bank was named in the FIR record reviewed by investigators.,"[[0, 22, ""ORG""]]",contrastive_negative
Investigators compared the incident report with records from Apex Distributors.,"[[61, 78, ""ORG""]]",contrastive_negative
The suspect travelled from Nagpur to Indore.,"[[27, 33, ""GPE""], [37, 43, ""GPE""]]",location_context
Ananya Sharma was observed outside National Freight Corporation in Bengaluru.,"[[0, 13, ""PERSON""], [35, 63, ""ORG""], [67, 76, ""GPE""]]",multi_entity
Ravi Deshmukh appeared in the surveillance records.,"[[0, 13, ""PERSON""]]",hard_negative
The surveillance record showed that Ravi Deshmukh had contacted City Cargo Services.,"[[36, 49, ""PERSON""], [64, 83, ""ORG""]]",contrastive_negative
The suspect travelled from Jaipur to Nagpur.,"[[27, 33, ""GPE""], [37, 43, ""GPE""]]",location_context
The vehicle associated with Neeraj Shah was found near Dharavi.,"[[28, 39, ""PERSON""], [55, 62, ""LOC""]]",multi_entity
The control room log was linked to an incident in Kochi.,"[[50, 55, ""GPE""]]",hard_negative
Investigators traced the shipment from Ahmedabad to Andheri East.,"[[39, 48, ""GPE""], [52, 64, ""LOC""]]",multi_entity
The suspect travelled from Bengaluru to Nagpur.,"[[27, 36, ""GPE""], [40, 46, ""GPE""]]",location_context
The mobile extraction report showed that Sameer Khan had contacted KS Electronics.,"[[41, 52, ""PERSON""], [67, 81, ""ORG""]]",contrastive_negative
Neeraj Shah travelled from Lucknow to Navi Mumbai with R K Sharma.,"[[0, 11, ""PERSON""], [27, 34, ""GPE""], [38, 49, ""GPE""], [55, 65, ""PERSON""]]",complex
Officers searched the area around Andheri East.,"[[34, 46, ""LOC""]]",location_context
Entries in the station diary entry were compared with bank transactions.,[],hard_negative
M. A. Khan transferred money to Western Freight Solutions from Delhi.,"[[0, 10, ""PERSON""], [32, 57, ""ORG""], [63, 68, ""GPE""]]",multi_entity
Karan Sethi transferred money to Maharashtra State Bank from Navi Mumbai.,"[[0, 11, ""PERSON""], [33, 55, ""ORG""], [61, 72, ""GPE""]]",multi_entity
KS Electronics maintained an office in Delhi.,"[[0, 14, ""ORG""], [39, 44, ""GPE""]]",org_context
Imran Sheikh met an employee of Prime Warehousing near Eastern Express Highway.,"[[0, 12, ""PERSON""], [32, 49, ""ORG""], [55, 78, ""LOC""]]",multi_entity
National Freight Corporation rented space at Andheri Commercial Complex.,"[[0, 28, ""ORG""], [45, 71, ""FAC""]]",facility_context
Imran Sheikh worked with Nova Components in Mumbai.,"[[0, 12, ""PERSON""], [25, 40, ""ORG""], [44, 50, ""GPE""]]",multi_entity
Investigators compared the CCTV footage with records from Western Freight Solutions.,"[[58, 83, ""ORG""]]",contrastive_negative
"Imran Sheikh transferred funds to Metro Logistics Pvt Ltd, while Md. Arif Khan contacted Shakti Traders.","[[0, 12, ""PERSON""], [34, 57, ""ORG""], [65, 78, ""PERSON""], [89, 103, ""ORG""]]",complex
"The station diary entry mentioned M. A. Khan, Neeraj Shah, and Metro Logistics Pvt Ltd.","[[34, 44, ""PERSON""], [46, 57, ""PERSON""], [63, 86, ""ORG""]]",complex
Prime Warehousing maintained an office in Jaipur.,"[[0, 17, ""ORG""], [42, 48, ""GPE""]]",org_context
Maharashtra State Bank submitted invoices from its Navi Mumbai office.,"[[0, 22, ""ORG""], [51, 62, ""GPE""]]",multi_entity
Police located Mohit Chawla near Vashi Sector 17.,"[[15, 27, ""PERSON""], [33, 48, ""LOC""]]",multi_entity
Funds moved from an account linked to Ayesha Khan into Apex Distributors.,"[[38, 49, ""PERSON""], [55, 72, ""ORG""]]",multi_entity
Western Freight Solutions submitted invoices from its Hyderabad office.,"[[0, 25, ""ORG""], [54, 63, ""GPE""]]",multi_entity
Suresh Iyer appeared in the bank records.,"[[0, 11, ""PERSON""]]",hard_negative
The crime scene report showed that Arjun Patel had contacted Nova Components.,"[[35, 46, ""PERSON""], [61, 76, ""ORG""]]",contrastive_negative
Funds moved from an account linked to Mohit Chawla into Western Freight Solutions.,"[[38, 50, ""PERSON""], [56, 81, ""ORG""]]",multi_entity
Neeraj Shah and Rajiv Bansal met representatives of Nova Components in Surat.,"[[0, 11, ""PERSON""], [16, 28, ""PERSON""], [52, 67, ""ORG""], [71, 76, ""GPE""]]",complex
Vikram Joshi met an employee of City Cargo Services near Bandra Kurla Complex.,"[[0, 12, ""PERSON""], [32, 51, ""ORG""], [57, 77, ""LOC""]]",multi_entity
Ravi Deshmukh travelled from Jaipur to Lucknow with Priya Nair.,"[[0, 13, ""PERSON""], [29, 35, ""GPE""], [39, 46, ""GPE""], [52, 62, ""PERSON""]]",complex
The CDR records mentioned S. Iyer.,"[[26, 33, ""PERSON""]]",hard_negative
"Suresh Iyer transferred funds to Apex Distributors, while Ananya Sharma contacted BlueLine Transport.","[[0, 11, ""PERSON""], [33, 50, ""ORG""], [58, 71, ""PERSON""], [82, 100, ""ORG""]]",complex
Investigators traced the shipment from Chennai to Eastern Express Highway.,"[[39, 46, ""GPE""], [50, 73, ""LOC""]]",multi_entity
Vikram Joshi worked with Apex Distributors in Kochi.,"[[0, 12, ""PERSON""], [25, 42, ""ORG""], [46, 51, ""GPE""]]",multi_entity
M. A. Khan was seen entering Andheri Commercial Complex.,"[[0, 10, ""PERSON""], [29, 55, ""FAC""]]",facility_context
Sameer Khan met an employee of Maharashtra State Bank near Turbhe Industrial Area.,"[[0, 11, ""PERSON""], [31, 53, ""ORG""], [59, 81, ""LOC""]]",multi_entity
Karan Sethi was seen entering Turbhe Warehouse No. 4.,"[[0, 11, ""PERSON""], [30, 52, ""FAC""]]",facility_context
"The police report mentioned Rajiv Bansal, Ayesha Khan, and DM Trading Services.","[[28, 40, ""PERSON""], [42, 53, ""PERSON""], [59, 78, ""ORG""]]",complex
City Cargo Services maintained an office in Navi Mumbai.,"[[0, 19, ""ORG""], [44, 55, ""GPE""]]",org_context
The seizure memo contained references to Md. Arif Khan and Prime Warehousing.,"[[41, 54, ""PERSON""], [59, 76, ""ORG""]]",contrastive_negative
The CDR records showed that Sameer Khan had contacted Shakti Traders.,"[[28, 39, ""PERSON""], [54, 68, ""ORG""]]",contrastive_negative
Md. Arif Khan travelled from Lucknow to Hyderabad with Imran Sheikh.,"[[0, 13, ""PERSON""], [29, 36, ""GPE""], [40, 49, ""GPE""], [55, 67, ""PERSON""]]",complex
Entries in the surveillance record were compared with bank transactions.,[],hard_negative
The police report was linked to an incident in Thane.,"[[47, 52, ""GPE""]]",hard_negative
The station diary entry mentioned Ravi Deshmukh.,"[[34, 47, ""PERSON""]]",hard_negative
Shakti Traders submitted invoices from its Mumbai office.,"[[0, 14, ""ORG""], [43, 49, ""GPE""]]",multi_entity
Mohammed Arif Khan was observed outside BlueLine Transport in Thane.,"[[0, 18, ""PERSON""], [40, 58, ""ORG""], [62, 67, ""GPE""]]",multi_entity
Entries in the witness statement were compared with bank transactions.,[],hard_negative
Investigators collected the investigation report for further examination.,[],hard_negative
"According to the financial records, Ayesha Khan visited BlueLine Transport in Bengaluru.","[[36, 47, ""PERSON""], [56, 74, ""ORG""], [78, 87, ""GPE""]]",contrastive_negative
Vikram Joshi was observed outside Western Freight Solutions in Pune.,"[[0, 12, ""PERSON""], [34, 59, ""ORG""], [63, 67, ""GPE""]]",multi_entity
Investigators compared the seizure memo with records from National Freight Corporation.,"[[58, 86, ""ORG""]]",contrastive_negative
The CCTV records showed that Sameer Khan had contacted Prime Warehousing.,"[[29, 40, ""PERSON""], [55, 72, ""ORG""]]",contrastive_negative
The witness statement showed that Ayesha Khan had contacted Prime Warehousing.,"[[34, 45, ""PERSON""], [60, 77, ""ORG""]]",contrastive_negative
Police located R K Sharma near Nhava Sheva Port Area.,"[[15, 25, ""PERSON""], [31, 52, ""LOC""]]",multi_entity
Investigators compared the CCTV records with records from City Cargo Services.,"[[58, 77, ""ORG""]]",contrastive_negative
City Cargo Services was named in the Location Surveillance Records reviewed by investigators.,"[[0, 19, ""ORG""]]",contrastive_negative
"Rohan Mehta transferred funds to BlueLine Transport, while Mohammed Arif Khan contacted Metro Logistics Pvt Ltd.","[[0, 11, ""PERSON""], [33, 51, ""ORG""], [59, 77, ""PERSON""], [88, 111, ""ORG""]]",complex
The investigation report was reviewed by the investigating officer.,[],hard_negative
Neeraj Shah appeared in the CDR records.,"[[0, 11, ""PERSON""]]",hard_negative
"The CCTV footage mentioned Priya Nair, R K Sharma, and BlueLine Transport.","[[27, 37, ""PERSON""], [39, 49, ""PERSON""], [55, 73, ""ORG""]]",complex
Rohan Mehta appeared in the crime scene report.,"[[0, 11, ""PERSON""]]",hard_negative
Ayesha Khan was observed outside Shakti Traders in Jaipur.,"[[0, 11, ""PERSON""], [33, 47, ""ORG""], [51, 57, ""GPE""]]",multi_entity
Neeraj Shah was seen entering Vashi Logistics Yard.,"[[0, 11, ""PERSON""], [30, 50, ""FAC""]]",facility_context
Suresh Iyer worked with Metro Logistics Pvt Ltd in Chennai.,"[[0, 11, ""PERSON""], [24, 47, ""ORG""], [51, 58, ""GPE""]]",multi_entity
Ravi Deshmukh worked with DM Trading Services in Kochi.,"[[0, 13, ""PERSON""], [26, 45, ""ORG""], [49, 54, ""GPE""]]",multi_entity
The control room log contained references to Ananya Sharma and KS Electronics.,"[[45, 58, ""PERSON""], [63, 77, ""ORG""]]",contrastive_negative
Investigators compared the evidence log with records from Apex Distributors.,"[[58, 75, ""ORG""]]",contrastive_negative
Investigators traced the shipment from Nagpur to Mumbai-Pune Expressway.,"[[39, 45, ""GPE""], [49, 71, ""LOC""]]",multi_entity
The vehicle associated with Ayesha Khan was found near Powai Lake Road.,"[[28, 39, ""PERSON""], [55, 70, ""LOC""]]",multi_entity
No useful information was found in the investigation report.,[],hard_negative
No useful information was found in the Case File.,[],hard_negative
KS Electronics was named in the CCTV footage reviewed by investigators.,"[[0, 14, ""ORG""]]",contrastive_negative
Western Freight Solutions maintained an office in Ahmedabad.,"[[0, 25, ""ORG""], [50, 59, ""GPE""]]",org_context
The CCTV records contained references to Md. Arif Khan and DM Trading Services.,"[[41, 54, ""PERSON""], [59, 78, ""ORG""]]",contrastive_negative
"The Location Surveillance Record mentioned Rajiv Bansal, Ravi Deshmukh, and BlueLine Transport.","[[43, 55, ""PERSON""], [57, 70, ""PERSON""], [76, 94, ""ORG""]]",complex
Maharashtra State Bank rented space at Vashi Logistics Yard.,"[[0, 22, ""ORG""], [39, 59, ""FAC""]]",facility_context
The CCTV footage showed that Arjun Patel had contacted National Freight Corporation.,"[[29, 40, ""PERSON""], [55, 83, ""ORG""]]",contrastive_negative
The vehicle associated with Md. Arif Khan was found near Turbhe Industrial Area.,"[[28, 41, ""PERSON""], [57, 79, ""LOC""]]",multi_entity
